Date,"BNB_('Close', 'BNB-USD')","BNB_('Volume', 'BNB-USD')"
2020-01-01,13.689083099365234,172980718
2020-01-02,13.027010917663574,156376427
2020-01-03,13.660451889038086,173683857
2020-01-04,13.891511917114258,182230374
2020-01-05,14.111019134521484,202552703
2020-01-06,14.957807540893555,224800409
2020-01-07,15.009249687194824,191948560
2020-01-08,14.602933883666992,183632222
2020-01-09,14.498313903808594,169699829
2020-01-10,15.025826454162598,200173072
2020-01-11,14.946328163146973,201663503
2020-01-12,15.322083473205566,231150158
2020-01-13,15.227272033691406,211785744
2020-01-14,16.626121520996094,299316969
2020-01-15,17.65481185913086,380806616
2020-01-16,17.076946258544922,260423404
2020-01-17,18.13519859313965,347229168
2020-01-18,17.82391929626465,257317647
2020-01-19,17.369253158569336,266285621
2020-01-20,17.325275421142578,245125919
2020-01-21,18.127666473388672,295922233
2020-01-22,17.79836082458496,237634401
2020-01-23,17.021404266357422,221009513
2020-01-24,17.047409057617188,213341615
2020-01-25,16.976106643676758,208315919
2020-01-26,17.43863296508789,248646036
2020-01-27,17.691341400146484,227584506
2020-01-28,18.115135192871094,257579475
2020-01-29,17.912776947021484,221674739
2020-01-30,18.590408325195312,264686498
2020-01-31,18.210979461669922,245035922
2020-02-01,18.218320846557617,238461925
2020-02-02,18.448184967041016,256209045
2020-02-03,18.46275520324707,227749150
2020-02-04,18.177366256713867,213533737
2020-02-05,19.215049743652344,301486499
2020-02-06,20.59526252746582,394704716
2020-02-07,22.062257766723633,485529457
2020-02-08,21.782419204711914,376067881
2020-02-09,24.308561325073242,523664695
2020-02-10,25.21831512451172,730144278
2020-02-11,25.63740348815918,567226060
2020-02-12,26.46676254272461,492328618
2020-02-13,25.440099716186523,463998187
2020-02-14,26.296958923339844,471534694
2020-02-15,24.14965057373047,454859713
2020-02-16,23.466388702392578,471225913
2020-02-17,23.55137825012207,418783808
2020-02-18,24.058177947998047,392689678
2020-02-19,22.333511352539062,298250332
2020-02-20,22.22914695739746,358656850
2020-02-21,22.184877395629883,396181352
2020-02-22,21.968481063842773,328794302
2020-02-23,22.82887077331543,439036993
2020-02-24,22.044126510620117,357640680
2020-02-25,20.342470169067383,356163893
2020-02-26,18.799131393432617,443909390
2020-02-27,19.122568130493164,406092296
2020-02-28,18.85483741760254,461435237
2020-02-29,19.584091186523438,584219366
2020-03-01,18.963232040405273,380913102
2020-03-02,19.814064025878906,428747453
2020-03-03,19.637189865112305,355662760
2020-03-04,19.95918846130371,363898093
2020-03-05,20.802030563354492,424802925
2020-03-06,21.288389205932617,449180749
2020-03-07,20.179567337036133,337204407
2020-03-08,16.97406578063965,365362955
2020-03-09,16.570743560791016,417649798
2020-03-10,16.875654220581055,360300206
2020-03-11,16.52483367919922,288383091
2020-03-12,9.600166320800781,444641540
2020-03-13,10.833057403564453,681143272
2020-03-14,10.140448570251465,301943026
2020-03-15,10.436017990112305,336142093
2020-03-16,9.3860502243042,314940366
2020-03-17,10.07717514038086,288591005
2020-03-18,10.119136810302734,264539835
2020-03-19,12.279640197753906,407534104
2020-03-20,11.875866889953613,433929425
2020-03-21,12.057991027832031,386174572
2020-03-22,11.158227920532227,308670064
2020-03-23,12.117714881896973,359015601
2020-03-24,12.401220321655273,333522129
2020-03-25,12.324299812316895,288895593
2020-03-26,13.217611312866211,299218749
2020-03-27,12.5232572555542,263730266
2020-03-28,12.193113327026367,256061862
2020-03-29,11.441221237182617,218854042
2020-03-30,12.286843299865723,305631180
2020-03-31,12.581605911254883,372566080
2020-04-01,12.741602897644043,332222983
2020-04-02,13.066638946533203,398592822
2020-04-03,13.373007774353027,406426751
2020-04-04,13.824527740478516,416644565
2020-04-05,13.734115600585938,398954313
2020-04-06,15.084521293640137,491814166
2020-04-07,14.681547164916992,452816635
2020-04-08,15.056076049804688,434986928
2020-04-09,15.062603950500488,444821353
2020-04-10,13.737724304199219,394331907
2020-04-11,13.804287910461426,364313702
2020-04-12,14.375110626220703,414752932
2020-04-13,15.03442668914795,459561236
2020-04-14,15.525075912475586,515331620
2020-04-15,14.593927383422852,425648054
2020-04-16,15.702730178833008,478820058
2020-04-17,15.735082626342773,396448352
2020-04-18,16.593172073364258,479760692
2020-04-19,16.13993263244629,402957217
2020-04-20,15.085403442382812,398870343
2020-04-21,15.205772399902344,390367736
2020-04-22,15.693160057067871,395820106
2020-04-23,16.006208419799805,446947832
2020-04-24,16.01641845703125,375266800
2020-04-25,16.305418014526367,362345240
2020-04-26,16.38376808166504,400076436
2020-04-27,16.463214874267578,389838383
2020-04-28,16.444286346435547,361059754
2020-04-29,17.4937744140625,463165164
2020-04-30,17.03397560119629,498015944
2020-05-01,17.564992904663086,453439052
2020-05-02,17.584903717041016,393955300
2020-05-03,17.126298904418945,381109061
2020-05-04,17.10075569152832,390548947
2020-05-05,16.919775009155273,358987881
2020-05-06,16.657045364379883,364717662
2020-05-07,17.013198852539062,414976837
2020-05-08,17.24147605895996,382131707
2020-05-09,16.93596076965332,365221789
2020-05-10,15.295668601989746,436166815
2020-05-11,15.09754467010498,404659513
2020-05-12,15.741053581237793,394508013
2020-05-13,16.138877868652344,359517914
2020-05-14,16.357799530029297,388231861
2020-05-15,15.754373550415039,340889408
2020-05-16,16.051780700683594,339913391
2020-05-17,16.314645767211914,329675187
2020-05-18,16.63626480102539,337613743
2020-05-19,17.1546630859375,351679092
2020-05-20,16.888025283813477,305581860
2020-05-21,16.12238121032715,283593221
2020-05-22,16.63959312438965,308017283
2020-05-23,16.588193893432617,281071630
2020-05-24,16.083438873291016,250849075
2020-05-25,16.400907516479492,295250983
2020-05-26,16.212547302246094,264787793
2020-05-27,16.493284225463867,289787288
2020-05-28,17.05933952331543,307231707
2020-05-29,17.041629791259766,302410995
2020-05-30,17.743417739868164,330991078
2020-05-31,17.04047203063965,306613468
2020-06-01,17.914941787719727,343444957
2020-06-02,17.239303588867188,285916007
2020-06-03,17.5454044342041,278598569
2020-06-04,17.565874099731445,251564500
2020-06-05,17.688785552978516,264892611
2020-06-06,17.535934448242188,247410758
2020-06-07,17.44703483581543,229571456
2020-06-08,17.393030166625977,201873195
2020-06-09,17.43537712097168,203076335
2020-06-10,17.41046714782715,218805704
2020-06-11,16.30892562866211,214293278
2020-06-12,16.669139862060547,220884223
2020-06-13,16.823734283447266,217773557
2020-06-14,16.65624237060547,197988813
2020-06-15,16.384801864624023,205913863
2020-06-16,16.42195701599121,197512179
2020-06-17,16.402542114257812,190623459
2020-06-18,16.208589553833008,176409002
2020-06-19,15.907086372375488,160670035
2020-06-20,16.04755973815918,158722069
2020-06-21,16.0012264251709,151504787
2020-06-22,16.47528839111328,181943736
2020-06-23,16.42256736755371,165960947
2020-06-24,16.026758193969727,168239834
2020-06-25,15.922709465026855,143049947
2020-06-26,15.749223709106445,136599245
2020-06-27,15.185254096984863,152435707
2020-06-28,15.420088768005371,159817886
2020-06-29,15.505231857299805,167963469
2020-06-30,15.413581848144531,151582461
2020-07-01,15.829460144042969,159837869
2020-07-02,15.538490295410156,151839908
2020-07-03,15.291961669921875,138591561
2020-07-04,15.55298137664795,146316736
2020-07-05,15.480225563049316,138494209
2020-07-06,16.296770095825195,172232440
2020-07-07,16.770225524902344,196296818
2020-07-08,17.227657318115234,212383912
2020-07-09,16.884868621826172,179705380
2020-07-10,17.26125144958496,174222029
2020-07-11,17.62217903137207,186743534
2020-07-12,18.23654556274414,224015851
2020-07-13,18.409563064575195,261690866
2020-07-14,18.082908630371094,203397123
2020-07-15,17.591215133666992,169152686
2020-07-16,17.143842697143555,191191483
2020-07-17,17.08497428894043,153498441
2020-07-18,17.126710891723633,149402466
2020-07-19,17.955778121948242,213342724
2020-07-20,17.484708786010742,203143854
2020-07-21,17.715408325195312,187854335
2020-07-22,18.091907501220703,191909868
2020-07-23,18.673295974731445,220207323
2020-07-24,19.15290069580078,248008823
2020-07-25,19.77642250061035,257057785
2020-07-26,19.521024703979492,248581857
2020-07-27,19.620328903198242,325386899
2020-07-28,20.173547744750977,284409544
2020-07-29,19.89558982849121,204440432
2020-07-30,20.01273536682129,200436410
2020-07-31,20.66814613342285,229781080
2020-08-01,21.530431747436523,264604008
2020-08-02,20.944887161254883,299350525
2020-08-03,22.055011749267578,265708949
2020-08-04,22.28258514404297,241931958
2020-08-05,23.336217880249023,344072749
2020-08-06,22.707660675048828,246554661
2020-08-07,22.311546325683594,326409994
2020-08-08,22.87811851501465,236392685
2020-08-09,22.475536346435547,216694610
2020-08-10,22.61379623413086,239664308
2020-08-11,21.25694465637207,310846749
2020-08-12,21.751449584960938,256078366
2020-08-13,22.075544357299805,299981376
2020-08-14,23.069791793823242,357386067
2020-08-15,23.021751403808594,269746412
2020-08-16,23.497102737426758,271264839
2020-08-17,23.510103225708008,264606385
2020-08-18,23.067180633544922,259152684
2020-08-19,22.310396194458008,224754805
2020-08-20,23.092575073242188,240389084
2020-08-21,22.12899398803711,245533836
2020-08-22,22.23982048034668,208053381
2020-08-23,21.87084197998047,181970641
2020-08-24,22.605852127075195,192633739
2020-08-25,21.475366592407227,234877041
2020-08-26,22.277305603027344,255812854
2020-08-27,23.080753326416016,296206828
2020-08-28,23.133811950683594,260086579
2020-08-29,23.011272430419922,213897145
2020-08-30,23.644914627075195,228141192
2020-08-31,23.193050384521484,215511200
2020-09-01,24.82209587097168,450200844
2020-09-02,24.69036293029785,577817197
2020-09-03,20.61988639831543,574956638
2020-09-04,21.056106567382812,489923568
2020-09-05,19.47876739501953,399969033
2020-09-06,23.190662384033203,740680573
2020-09-07,22.393306732177734,555588378
2020-09-08,23.190248489379883,555422363
2020-09-09,24.530290603637695,456284484
2020-09-10,24.55988883972168,456365135
2020-09-11,25.451414108276367,420689466
2020-09-12,28.529848098754883,688007352
2020-09-13,31.058629989624023,1144638251
2020-09-14,31.17864227294922,1009392260
2020-09-15,27.202390670776367,861821910
2020-09-16,27.9645938873291,664539530
2020-09-17,26.99312973022461,512578971
2020-09-18,27.39948081970215,482149967
2020-09-19,27.25111198425293,331216806
2020-09-20,26.392133712768555,343197520
2020-09-21,23.267879486083984,462503299
2020-09-22,24.100740432739258,340023558
2020-09-23,22.856977462768555,446713264
2020-09-24,24.61382484436035,475917196
2020-09-25,24.663387298583984,442583904
2020-09-26,26.221181869506836,490827676
2020-09-27,26.199216842651367,435755666
2020-09-28,26.97960662841797,530311672
2020-09-29,28.842979431152344,612454595
2020-09-30,29.290876388549805,566560144
2020-10-01,27.43197250366211,630087805
2020-10-02,27.285680770874023,638940976
2020-10-03,28.20231056213379,495908650
2020-10-04,28.9438533782959,514574736
2020-10-05,28.659103393554688,425642119
2020-10-06,27.714527130126953,505088690
2020-10-07,27.704835891723633,394557518
2020-10-08,27.705310821533203,431553686
2020-10-09,28.445030212402344,465984452
2020-10-10,28.31248664855957,426434526
2020-10-11,28.555580139160156,408482939
2020-10-12,30.71468162536621,718406691
2020-10-13,30.706745147705078,600050050
2020-10-14,30.912118911743164,460297911
2020-10-15,31.29586410522461,504135680
2020-10-16,29.99489974975586,546849696
2020-10-17,30.24823570251465,377026508
2020-10-18,30.659523010253906,440840685
2020-10-19,29.925067901611328,385913101
2020-10-20,28.803443908691406,493774162
2020-10-21,29.772354125976562,510855830
2020-10-22,30.658191680908203,530907796
2020-10-23,30.633960723876953,514504830
2020-10-24,30.588821411132812,407454460
2020-10-25,30.107540130615234,391997739
2020-10-26,31.154560089111328,624224136
2020-10-27,31.638721466064453,715978374
2020-10-28,30.363506317138672,477279858
2020-10-29,29.842477798461914,426303252
2020-10-30,28.508411407470703,531974962
2020-10-31,28.431215286254883,360596998
2020-11-01,28.461565017700195,338657898
2020-11-02,27.883930206298828,390864652
2020-11-03,26.8570499420166,457901613
2020-11-04,26.931514739990234,383972480
2020-11-05,27.675859451293945,299236756
2020-11-06,29.01799964904785,343104562
2020-11-07,27.738094329833984,362934993
2020-11-08,28.305116653442383,321186882
2020-11-09,28.018020629882812,335957338
2020-11-10,28.193342208862305,310738349
2020-11-11,27.956178665161133,279645463
2020-11-12,27.61480712890625,266092376
2020-11-13,28.182172775268555,292737428
2020-11-14,27.936201095581055,254114574
2020-11-15,27.621030807495117,254946427
2020-11-16,28.064109802246094,275039274
2020-11-17,28.530580520629883,320321793
2020-11-18,28.076162338256836,327690836
2020-11-19,28.094104766845703,282317319
2020-11-20,28.891996383666992,321436881
2020-11-21,30.39129066467285,419204706
2020-11-22,29.925071716308594,426289161
2020-11-23,30.965368270874023,433686948
2020-11-24,33.80315017700195,840230024
2020-11-25,31.342960357666016,599500600
2020-11-26,28.20491600036621,659590250
2020-11-27,28.475187301635742,361093513
2020-11-28,29.143911361694336,338275296
2020-11-29,30.117603302001953,347773041
2020-11-30,31.392786026000977,389608481
2020-12-01,30.10830307006836,467818960
2020-12-02,30.297361373901367,371441750
2020-12-03,30.704429626464844,324897560
2020-12-04,29.072208404541016,362626786
2020-12-05,29.729488372802734,307895991
2020-12-06,29.540803909301758,249993855
2020-12-07,29.378135681152344,238972454
2020-12-08,27.636306762695312,323672206
2020-12-09,28.129304885864258,323390504
2020-12-10,27.696189880371094,263890750
2020-12-11,27.361003875732422,278060132
2020-12-12,28.164451599121094,238973887
2020-12-13,29.10169219970703,265728020
2020-12-14,30.029577255249023,335453986
2020-12-15,29.547283172607422,294288115
2020-12-16,30.49019432067871,347039607
2020-12-17,30.184133529663086,479985920
2020-12-18,30.9383602142334,359055461
2020-12-19,33.296356201171875,534843839
2020-12-20,34.16029739379883,583559932
2020-12-21,32.269527435302734,583000547
2020-12-22,33.482948303222656,563925549
2020-12-23,31.097898483276367,582613805
2020-12-24,32.50059127807617,488263504
2020-12-25,33.164974212646484,421026462
2020-12-26,33.47713851928711,434464851
2020-12-27,33.51184844970703,567285548
2020-12-28,35.84455871582031,611476292
2020-12-29,38.95283126831055,938849532
2020-12-30,38.13629913330078,501223201
2020-12-31,37.376033782958984,404140896
2021-01-01,37.90501022338867,459165743
2021-01-02,38.24159240722656,521965394
2021-01-03,41.14897918701172,758008613
2021-01-04,40.926353454589844,807877171
2021-01-05,41.73460006713867,644270927
2021-01-06,42.16595458984375,641021601
2021-01-07,43.44948959350586,829964770
2021-01-08,42.39531707763672,650561500
2021-01-09,43.93285369873047,590039660
2021-01-10,42.4484748840332,701488832
2021-01-11,38.371360778808594,890728694
2021-01-12,38.111610412597656,567249584
2021-01-13,40.13593292236328,542384725
2021-01-14,41.79368209838867,534108764
2021-01-15,40.91897964477539,562019413
2021-01-16,43.17182540893555,604218252
2021-01-17,45.68461227416992,664875513
2021-01-18,45.353172302246094,586905636
2021-01-19,42.7855339050293,750638729
2021-01-20,42.60689926147461,684094133
2021-01-21,38.64583969116211,621983627
2021-01-22,40.85757064819336,561072899
2021-01-23,40.81547927856445,468609053
2021-01-24,41.88160705566406,450486066
2021-01-25,41.62370300292969,507172505
2021-01-26,41.69473648071289,546536514
2021-01-27,40.994876861572266,519618043
2021-01-28,42.52910614013672,533847527
2021-01-29,42.85234832763672,651771603
2021-01-30,44.77227783203125,533768579
2021-01-31,44.27599334716797,512545443
2021-02-01,51.607696533203125,1256933735
2021-02-02,51.05640411376953,1006694242
2021-02-03,52.242637634277344,714000888
2021-02-04,55.92512512207031,940905214
2021-02-05,67.84556579589844,1431595319
2021-02-06,72.73359680175781,2114553792
2021-02-07,68.59052276611328,1493688265
2021-02-08,79.83154296875,2133574291
2021-02-09,107.89927673339844,4425849540
2021-02-10,129.73715209960938,7000323240
2021-02-11,124.43425750732422,2809765027
2021-02-12,136.94839477539062,2981627650
2021-02-13,133.4526824951172,2116751635
2021-02-14,136.426513671875,2312597445
2021-02-15,129.56788635253906,2414986848
2021-02-16,130.05665588378906,1925775294
2021-02-17,164.67010498046875,5236224271
2021-02-18,195.93263244628906,6110987389
2021-02-19,332.61602783203125,17982945189
2021-02-20,255.9537353515625,9680520706
2021-02-21,293.923583984375,8505963719
2021-02-22,267.5097961425781,7885768925
2021-02-23,230.99424743652344,8280752930
2021-02-24,254.359130859375,7154121651
2021-02-25,233.88595581054688,4059853073
2021-02-26,221.68043518066406,4167145958
2021-02-27,225.2494354248047,2755271254
2021-02-28,209.57440185546875,3129699003
2021-03-01,254.6299285888672,5008256561
2021-03-02,239.5225372314453,5882262804
2021-03-03,241.09136962890625,5827707431
2021-03-04,229.945068359375,5580339595
2021-03-05,226.37255859375,4969642573
2021-03-06,226.66685485839844,4489684331
2021-03-07,240.17921447753906,5081569247
2021-03-08,240.31866455078125,5016770824
2021-03-09,293.4632263183594,8676266998
2021-03-10,279.3580322265625,4544623650
2021-03-11,289.7908020019531,4676132222
2021-03-12,263.6858215332031,3960814749
2021-03-13,276.1047058105469,2903774859
2021-03-14,264.6367492675781,2044273970
2021-03-15,254.66082763671875,2488528410
2021-03-16,258.1006774902344,2425543830
2021-03-17,269.8548583984375,2271426252
2021-03-18,261.7048034667969,2445995134
2021-03-19,264.05743408203125,1873443830
2021-03-20,264.7416687011719,2004752539
2021-03-21,264.88616943359375,1718563711
2021-03-22,255.9001922607422,2323911466
2021-03-23,255.68966674804688,2010488139
2021-03-24,249.85137939453125,2385752951
2021-03-25,234.88543701171875,2314734091
2021-03-26,255.1045684814453,2099285452
2021-03-27,269.1023254394531,2457659540
2021-03-28,269.1912841796875,2527142069
2021-03-29,275.2146301269531,2067448661
2021-03-30,311.4264831542969,4039620710
2021-03-31,302.0634460449219,3545493416
2021-04-01,335.212890625,3718677616
2021-04-02,339.0077209472656,3950524039
2021-04-03,323.1335144042969,2953164849
2021-04-04,351.6243896484375,3200674446
2021-04-05,367.7724914550781,4073047973
2021-04-06,403.59075927734375,5277448222
2021-04-07,374.6588134765625,5976362849
2021-04-08,418.03839111328125,4550316562
2021-04-09,453.178466796875,4701175013
2021-04-10,472.5603332519531,6160670397
2021-04-11,525.3855590820312,5697422904
2021-04-12,598.72265625,14436315725
2021-04-13,549.5865478515625,9433830832
2021-04-14,549.5918579101562,7452346448
2021-04-15,542.632080078125,4608061831
2021-04-16,510.2201843261719,6886285728
2021-04-17,520.416748046875,5195399091
2021-04-18,481.03424072265625,6711806048
2021-04-19,505.0929260253906,7141301320
2021-04-20,587.0291137695312,9330924061
2021-04-21,546.0235595703125,8456300946
2021-04-22,506.01300048828125,8342960849
2021-04-23,526.5652465820312,8893557870
2021-04-24,496.4150695800781,4070234640
2021-04-25,505.0770568847656,3419309603
2021-04-26,534.5776977539062,4072866875
2021-04-27,568.4705200195312,4050720272
2021-04-28,562.632568359375,3648784689
2021-04-29,599.70654296875,6585918998
2021-04-30,624.08056640625,5741358048
2021-05-01,619.3472290039062,4065705136
2021-05-02,622.1010131835938,3765184551
2021-05-03,675.68408203125,5274868721
2021-05-04,611.2003173828125,5728175230
2021-05-05,651.6627197265625,4248449283
2021-05-06,633.2803955078125,3975000211
2021-05-07,624.5632934570312,3658116306
2021-05-08,646.100830078125,3910931715
2021-05-09,662.2285766601562,4321052943
2021-05-10,631.3519897460938,5157435389
2021-05-11,672.3339233398438,4865455319
2021-05-12,588.1851806640625,4311561442
2021-05-13,571.4345092773438,7417114170
2021-05-14,603.1282958984375,3735474448
2021-05-15,563.0416870117188,3480395174
2021-05-16,562.829833984375,4047395255
2021-05-17,511.9643859863281,5123430659
2021-05-18,508.0223083496094,3548216902
2021-05-19,339.0254821777344,8779943654
2021-05-20,393.6127624511719,7093839295
2021-05-21,326.29632568359375,6291181865
2021-05-22,299.50408935546875,3871242832
2021-05-23,262.9456787109375,5336233746
2021-05-24,345.30963134765625,6066277282
2021-05-25,344.1139831542969,5656677341
2021-05-26,379.85430908203125,4502557689
2021-05-27,367.6557922363281,3965850350
2021-05-28,329.8799133300781,4482824807
2021-05-29,305.0521545410156,3070017878
2021-05-30,325.7840270996094,3246314973
2021-05-31,354.329345703125,3865691845
2021-06-01,362.7946472167969,3425775257
2021-06-02,401.2623291015625,4486850584
2021-06-03,427.80792236328125,4370188399
2021-06-04,391.39532470703125,4951450795
2021-06-05,390.4318542480469,3956143113
2021-06-06,393.8202209472656,2101917655
2021-06-07,357.3102111816406,2927240962
2021-06-08,354.0013732910156,4491122307
2021-06-09,375.73468017578125,3543408536
2021-06-10,352.1831970214844,2505012942
2021-06-11,345.9336853027344,2269923678
2021-06-12,343.74102783203125,2146761411
2021-06-13,366.6489562988281,2171880359
2021-06-14,368.7927551269531,2271215183
2021-06-15,373.566162109375,2246535807
2021-06-16,347.033447265625,1626149384
2021-06-17,352.738525390625,1379161855
2021-06-18,336.8096923828125,1613940591
2021-06-19,335.71282958984375,1140833816
2021-06-20,340.06719970703125,1756674565
2021-06-21,270.98443603515625,2911962314
2021-06-22,261.8180847167969,4089344405
2021-06-23,294.49029541015625,3170293549
2021-06-24,308.39703369140625,2323626593
2021-06-25,281.62091064453125,2317971593
2021-06-26,279.43804931640625,1921847994
2021-06-27,290.5670166015625,1521388056
2021-06-28,289.53411865234375,1722578691
2021-06-29,300.2115478515625,1946428384
2021-06-30,303.2958679199219,1903538448
2021-07-01,288.2184143066406,1357794786
2021-07-02,287.423095703125,1133632645
2021-07-03,298.23712158203125,1113777297
2021-07-04,307.7320861816406,1387395766
2021-07-05,302.37799072265625,1504869977
2021-07-06,320.934814453125,2203265498
2021-07-07,327.5224609375,2067233169
2021-07-08,310.4271240234375,1883785090
2021-07-09,316.4845275878906,1358583891
2021-07-10,316.14013671875,1179686219
2021-07-11,322.0316467285156,1189805384
2021-07-12,316.32818603515625,1614469810
2021-07-13,308.8111572265625,1231759805
2021-07-14,309.4063720703125,1646743038
2021-07-15,315.2440185546875,2242114046
2021-07-16,302.985595703125,1688212208
2021-07-17,300.4979248046875,1298507379
2021-07-18,302.4804992675781,1254819647
2021-07-19,280.01861572265625,1514754521
2021-07-20,264.7823791503906,1819454491
2021-07-21,292.5313720703125,1957623339
2021-07-22,293.6411437988281,1495118544
2021-07-23,299.2829895019531,1849700307
2021-07-24,302.0718688964844,1644709273
2021-07-25,302.4361572265625,1351522797
2021-07-26,304.4782409667969,2572081528
2021-07-27,313.60260009765625,1870220991
2021-07-28,313.42864990234375,1626648048
2021-07-29,316.74945068359375,1384576144
2021-07-30,322.90936279296875,1588918308
2021-07-31,333.5495910644531,1717984015
2021-08-01,333.4840087890625,1788390755
2021-08-02,331.1031188964844,1348495243
2021-08-03,322.74774169921875,1365471563
2021-08-04,334.9187927246094,1279262186
2021-08-05,337.8738708496094,1551187442
2021-08-06,342.1369934082031,1623970506
2021-08-07,355.7413635253906,1903003766
2021-08-08,342.06475830078125,1547133821
2021-08-09,354.9668273925781,1648422571
2021-08-10,371.9543762207031,2150475826
2021-08-11,391.7570495605469,2542670896
2021-08-12,385.8189697265625,2217067872
2021-08-13,410.94488525390625,1724229835
2021-08-14,409.03448486328125,2023364348
2021-08-15,414.59503173828125,1826134192
2021-08-16,417.4708557128906,2620571467
2021-08-17,401.9089050292969,2572609791
2021-08-18,398.25146484375,2288117050
2021-08-19,430.9888610839844,2549215331
2021-08-20,454.9363098144531,2451578694
2021-08-21,448.9202575683594,2120660728
2021-08-22,449.0534973144531,1826865701
2021-08-23,499.8905944824219,3857489743
2021-08-24,471.595458984375,2978438301
2021-08-25,502.7862548828125,3289398273
2021-08-26,479.006103515625,3277913533
2021-08-27,494.4986877441406,2563319587
2021-08-28,486.1969299316406,1676741698
2021-08-29,480.28302001953125,1763538464
2021-08-30,459.4907531738281,2007036766
2021-08-31,464.4187316894531,2378049328
2021-09-01,490.0687255859375,2303587593
2021-09-02,483.9210510253906,2324361979
2021-09-03,488.6047058105469,2051522050
2021-09-04,498.07843017578125,2310249697
2021-09-05,504.619873046875,1899639214
2021-09-06,495.9250183105469,2206397359
2021-09-07,417.5087890625,4471687569
2021-09-08,415.1131591796875,2940929033
2021-09-09,421.27001953125,2392139922
2021-09-10,401.6217956542969,2306735739
2021-09-11,405.5273742675781,1567255682
2021-09-12,416.6832275390625,1671909230
2021-09-13,399.0634460449219,2194763765
2021-09-14,414.2362365722656,1598465255
2021-09-15,431.42303466796875,1838828414
2021-09-16,424.64923095703125,1720989872
2021-09-17,406.6328125,1516642578
2021-09-18,410.8092956542969,1310349981
2021-09-19,408.4716491699219,1243314915
2021-09-20,361.9659118652344,2344102082
2021-09-21,344.53460693359375,2045164899
2021-09-22,379.4403381347656,1678913732
2021-09-23,383.8204040527344,1576382603
2021-09-24,355.3162841796875,2081157733
2021-09-25,349.8800964355469,1388464569
2021-09-26,344.1817626953125,1958526741
2021-09-27,336.19122314453125,1507056912
2021-09-28,333.0325927734375,1294330921
2021-09-29,367.9895935058594,2385693434
2021-09-30,387.0573425292969,1796235646
2021-10-01,421.6431884765625,2162493378
2021-10-02,428.09832763671875,1740937420
2021-10-03,430.5088195800781,1470899248
2021-10-04,425.7489013671875,1647171955
2021-10-05,442.7061462402344,1526827785
2021-10-06,435.4013671875,2006344571
2021-10-07,438.7617492675781,1962989705
2021-10-08,419.10205078125,2678048368
2021-10-09,421.5494689941406,1404867667
2021-10-10,405.0693054199219,1437068558
2021-10-11,413.4562072753906,1473121389
2021-10-12,443.8675231933594,3142304145
2021-10-13,470.74969482421875,5149146903
2021-10-14,472.02239990234375,2486819344
2021-10-15,473.70263671875,2804538828
2021-10-16,465.6424560546875,1904086807
2021-10-17,470.62554931640625,1646437501
2021-10-18,485.11102294921875,1999805026
2021-10-19,488.14886474609375,1844483840
2021-10-20,501.02032470703125,1890415594
2021-10-21,471.2569274902344,3081793454
2021-10-22,478.6431579589844,1962748496
2021-10-23,485.90643310546875,1170864603
2021-10-24,476.63311767578125,1246191889
2021-10-25,484.64508056640625,1337787876
2021-10-26,478.0250549316406,1486193826
2021-10-27,449.00799560546875,2340091135
2021-10-28,492.0155334472656,2626956133
2021-10-29,529.6221313476562,2667451365
2021-10-30,527.9212036132812,2194893915
2021-10-31,524.3644409179688,2076289915
2021-11-01,551.2559204101562,2535579529
2021-11-02,554.4476318359375,2401108112
2021-11-03,568.5787963867188,2567651316
2021-11-04,559.7373046875,2260479871
2021-11-05,608.6480712890625,3675930507
2021-11-06,636.1139526367188,2779927044
2021-11-07,650.4540405273438,3017167868
2021-11-08,654.3150024414062,2828112534
2021-11-09,635.1906127929688,2198989754
2021-11-10,615.278076171875,3653998344
2021-11-11,629.892333984375,2341652507
2021-11-12,626.6425170898438,2209163398
2021-11-13,650.1041259765625,2106170805
2021-11-14,650.9180908203125,2101401990
2021-11-15,633.0486450195312,2146877925
2021-11-16,589.8228759765625,3772957260
2021-11-17,578.0927734375,2704847734
2021-11-18,532.2376098632812,2917116815
2021-11-19,581.5308227539062,2481119529
2021-11-20,603.8400268554688,2336197759
2021-11-21,585.2942504882812,2055539646
2021-11-22,559.1270141601562,2251971535
2021-11-23,591.4395751953125,2927434189
2021-11-24,581.3953247070312,2917418688
2021-11-25,603.730224609375,2537227998
2021-11-26,585.1473388671875,4254504824
2021-11-27,600.3367919921875,2485529516
2021-11-28,611.3668212890625,2731676788
2021-11-29,624.31005859375,2425803182
2021-11-30,622.6698608398438,2781531694
2021-12-01,627.9715576171875,2806563703
2021-12-02,619.4701538085938,2378758113
2021-12-03,594.635986328125,2483348354
2021-12-04,569.0772705078125,4458419873
2021-12-05,557.7830810546875,2394235567
2021-12-06,589.2561645507812,3567503629
2021-12-07,579.6898803710938,2112954675
2021-12-08,607.5927734375,2245501623
2021-12-09,571.6489868164062,2132955304
2021-12-10,552.9668579101562,2089946472
2021-12-11,564.322509765625,1824951693
2021-12-12,570.823974609375,1307635490
2021-12-13,521.0115966796875,1900967743
2021-12-14,511.2293701171875,2232411089
2021-12-15,541.0269775390625,2079796859
2021-12-16,526.2465209960938,1500825557
2021-12-17,525.706298828125,1804795681
2021-12-18,533.891357421875,1294574825
2021-12-19,529.9720458984375,1199582659
2021-12-20,523.1624755859375,1467380399
2021-12-21,528.7109985351562,1461697111
2021-12-22,533.6449584960938,1597323976
2021-12-23,548.725830078125,1867124970
2021-12-24,541.9020385742188,1677259160
2021-12-25,547.3262329101562,1305388019
2021-12-26,546.9949951171875,1576727325
2021-12-27,562.6414794921875,2180356553
2021-12-28,534.9280395507812,2791585162
2021-12-29,514.0007934570312,2159325741
2021-12-30,518.9097290039062,1950603827
2021-12-31,511.70831298828125,2020489898
2022-01-01,527.3527221679688,1622547014
2022-01-02,531.3966674804688,1462276185
2022-01-03,512.135986328125,1949153130
2022-01-04,507.506103515625,2200879165
2022-01-05,475.05694580078125,2870757788
2022-01-06,473.2756042480469,4400228627
2022-01-07,447.7884826660156,4613172287
2022-01-08,430.24615478515625,4068139021
2022-01-09,438.8030700683594,3347862691
2022-01-10,424.93377685546875,4156063326
2022-01-11,463.518310546875,4600615710
2022-01-12,487.0074157714844,4131335431
2022-01-13,475.02911376953125,4151007744
2022-01-14,489.867431640625,3112235914
2022-01-15,494.9880676269531,1766015929
2022-01-16,498.42791748046875,1771927950
2022-01-17,475.7098693847656,2134608006
2022-01-18,472.00506591796875,2106859289
2022-01-19,462.82208251953125,1780063381
2022-01-20,440.00543212890625,1881741995
2022-01-21,383.07391357421875,3647221590
2022-01-22,358.0961608886719,4226932408
2022-01-23,383.9339599609375,2786834863
2022-01-24,371.36895751953125,3210871602
2022-01-25,384.6193542480469,2325661159
2022-01-26,375.7554626464844,2226973227
2022-01-27,390.0882873535156,1952844398
2022-01-28,386.0843811035156,1592850476
2022-01-29,389.1327819824219,1330610935
2022-01-30,377.6129150390625,1289330238
2022-01-31,375.2773132324219,1386778184
2022-02-01,385.46380615234375,1392647608
2022-02-02,367.4716796875,1290849744
2022-02-03,370.87774658203125,1202744039
2022-02-04,399.02960205078125,1711084752
2022-02-05,414.20001220703125,2039010962
2022-02-06,419.5455627441406,1427593921
2022-02-07,433.2292785644531,1755674427
2022-02-08,408.7767639160156,2247004672
2022-02-09,422.4655456542969,1601745132
2022-02-10,415.1192321777344,2037888603
2022-02-11,400.4223937988281,1714654174
2022-02-12,403.3897399902344,1372516416
2022-02-13,398.88677978515625,1151509777
2022-02-14,403.6607971191406,1269083662
2022-02-15,432.4093933105469,2538883559
2022-02-16,427.9181213378906,1670788158
2022-02-17,402.4500427246094,1644013199
2022-02-18,399.5691833496094,1554511893
2022-02-19,400.0435791015625,1192395484
2022-02-20,380.825927734375,1431745519
2022-02-21,356.6612548828125,2164511484
2022-02-22,374.3074645996094,2037210077
2022-02-23,366.53948974609375,1644707704
2022-02-24,361.2346496582031,2972951900
2022-02-25,374.9149475097656,1839035023
2022-02-26,373.6387634277344,1319208551
2022-02-27,360.5310363769531,1600855952
2022-02-28,395.6124267578125,1868349380
2022-03-01,408.4822998046875,2885318336
2022-03-02,409.00030517578125,2045870796
2022-03-03,402.5506896972656,1598018507
2022-03-04,374.2808837890625,1740563403
2022-03-05,384.87335205078125,1321262776
2022-03-06,375.0111999511719,1305295273
2022-03-07,381.3446350097656,2058321705
2022-03-08,381.95855712890625,1684540144
2022-03-09,393.5557556152344,2425559108
2022-03-10,372.1590270996094,2105808203
2022-03-11,372.1840515136719,1550840418
2022-03-12,372.7303771972656,1211417865
2022-03-13,361.8498229980469,1242011950
2022-03-14,373.4661560058594,1455465550
2022-03-15,371.62884521484375,1360640456
2022-03-16,385.5282287597656,1788844135
2022-03-17,391.8247375488281,1635657390
2022-03-18,397.6455078125,1666543771
2022-03-19,399.8535461425781,1532550954
2022-03-20,390.76837158203125,1334193471
2022-03-21,396.44781494140625,1657341491
2022-03-22,404.31494140625,1795119554
2022-03-23,408.6097717285156,1645651129
2022-03-24,414.1269836425781,1831451218
2022-03-25,410.8111572265625,1678265707
2022-03-26,415.9197998046875,1082240527
2022-03-27,430.5032653808594,1499505093
2022-03-28,430.390869140625,2128699500
2022-03-29,434.50567626953125,1987696098
2022-03-30,442.6848449707031,2181737151
2022-03-31,428.9161071777344,2632534284
2022-04-01,446.6042785644531,2718206274
2022-04-02,436.9553527832031,2272901729
2022-04-03,450.348876953125,2128734028
2022-04-04,447.5249328613281,2248856403
2022-04-05,445.172607421875,2268650039
2022-04-06,420.1463623046875,2323241738
2022-04-07,436.7967834472656,2125042415
2022-04-08,421.67724609375,1951923760
2022-04-09,427.1530456542969,1399108286
2022-04-10,418.5906677246094,1410282903
2022-04-11,394.0868835449219,2192782724
2022-04-12,413.8739318847656,2140526232
2022-04-13,423.1301574707031,1932053164
2022-04-14,414.6637268066406,1615484732
2022-04-15,417.2937316894531,1242920077
2022-04-16,417.47845458984375,1022481382
2022-04-17,407.3777160644531,1088306780
2022-04-18,416.9684143066406,1925668122
2022-04-19,422.3870544433594,1854452731
2022-04-20,418.354248046875,2035166767
2022-04-21,405.0214538574219,2190281843
2022-04-22,406.9875183105469,1895749713
2022-04-23,401.6524658203125,1354484386
2022-04-24,399.1053771972656,1222468479
2022-04-25,404.35028076171875,1910707893
2022-04-26,385.4830627441406,1671963898
2022-04-27,391.4458312988281,1512587369
2022-04-28,406.71820068359375,2116381172
2022-04-29,393.0621643066406,1928209754
2022-04-30,377.767822265625,1467605770
2022-05-01,390.281982421875,1553846706
2022-05-02,389.670654296875,1388077917
2022-05-03,383.4757995605469,1295877765
2022-05-04,402.5026550292969,1714496792
2022-05-05,378.77362060546875,2389487319
2022-05-06,379.3042907714844,1834770716
2022-05-07,365.6841125488281,1527960119
2022-05-08,355.39874267578125,1875845651
2022-05-09,299.34893798828125,2943374129
2022-05-10,319.32696533203125,3210603809
2022-05-11,269.9627685546875,3870618668
2022-05-12,269.4072570800781,4739990237
2022-05-13,290.5841979980469,2774121165
2022-05-14,297.3876037597656,1884570404
2022-05-15,312.0077209472656,1611088257
2022-05-16,297.7101135253906,1754184298
2022-05-17,305.96343994140625,1584497815
2022-05-18,287.43878173828125,1520090732
2022-05-19,306.79156494140625,1646882950
2022-05-20,302.3592224121094,1756670714
2022-05-21,312.4660339355469,1318736979
2022-05-22,319.6090087890625,1604297406
2022-05-23,316.76055908203125,2228144099
2022-05-24,328.1893310546875,2002782969
2022-05-25,325.73480224609375,2008481372
2022-05-26,304.96392822265625,2686414043
2022-05-27,300.9720458984375,2593113824
2022-05-28,307.8154296875,1471633413
2022-05-29,305.9750671386719,1208835000
2022-05-30,321.7528991699219,2064357375
2022-05-31,320.485107421875,1711532960
2022-06-01,300.5040588378906,1763624947
2022-06-02,308.1017761230469,1228180850
2022-06-03,298.39788818359375,1115211127
2022-06-04,301.6311340332031,805954970
2022-06-05,298.9347229003906,779603321
2022-06-06,295.3960266113281,1470941103
2022-06-07,290.34112548828125,1752763456
2022-06-08,288.6160888671875,1136631692
2022-06-09,289.9196472167969,800984464
2022-06-10,286.04669189453125,1362797648
2022-06-11,269.48699951171875,1220361307
2022-06-12,255.9508819580078,1380200465
2022-06-13,222.5057830810547,2471570710
2022-06-14,223.22125244140625,2027226914
2022-06-15,233.39671325683594,2244407305
2022-06-16,209.5387420654297,1483212957
2022-06-17,215.8917999267578,1108538874
2022-06-18,197.04299926757812,1579731402
2022-06-19,214.9205322265625,1333254615
2022-06-20,216.93426513671875,1235838900
2022-06-21,219.49862670898438,1165714518
2022-06-22,214.2619171142578,1050984086
2022-06-23,228.95375061035156,1148541185
2022-06-24,240.23831176757812,1127877901
2022-06-25,239.69065856933594,915553554
2022-06-26,233.85874938964844,823875890
2022-06-27,233.65402221679688,841135242
2022-06-28,226.92733764648438,1082126615
2022-06-29,219.2844696044922,1062609997
2022-06-30,219.3000946044922,1088852065
2022-07-01,216.0154571533203,1234215934
2022-07-02,218.0352325439453,767361243
2022-07-03,218.98031616210938,724525676
2022-07-04,231.57412719726562,1039372640
2022-07-05,230.8463592529297,1310031377
2022-07-06,238.49993896484375,1266715664
2022-07-07,241.5445098876953,1108137930
2022-07-08,240.75071716308594,1341618380
2022-07-09,243.24107360839844,851653424
2022-07-10,234.65557861328125,881096013
2022-07-11,225.85850524902344,1021066311
2022-07-12,220.4645538330078,1140033692
2022-07-13,230.52476501464844,1431776142
2022-07-14,238.1644744873047,1609361574
2022-07-15,238.57398986816406,1151260376
2022-07-16,249.5938720703125,1030985968
2022-07-17,247.84848022460938,1050861669
2022-07-18,264.88604736328125,1632324536
2022-07-19,268.81732177734375,1925805446
2022-07-20,258.33880615234375,1675018362
2022-07-21,265.4625549316406,1220055525
2022-07-22,262.87744140625,1173778496
2022-07-23,259.4630126953125,1108172504
2022-07-24,261.8648681640625,913146574
2022-07-25,245.14849853515625,1005244476
2022-07-26,248.9583740234375,926779355
2022-07-27,271.5043640136719,1405510237
2022-07-28,277.2939147949219,1648592412
2022-07-29,293.9533386230469,2562325488
2022-07-30,287.5361328125,1578905327
2022-07-31,283.5794677734375,1313531523
2022-08-01,283.53948974609375,1314157614
2022-08-02,283.82098388671875,1768344106
2022-08-03,298.3567810058594,2133584480
2022-08-04,310.7060546875,1926587001
2022-08-05,315.185546875,1585061398
2022-08-06,315.06890869140625,1151509385
2022-08-07,322.921142578125,1012978419
2022-08-08,324.8004150390625,1318773332
2022-08-09,324.9123229980469,1139003043
2022-08-10,328.4711608886719,1738218767
2022-08-11,323.80023193359375,1511577808
2022-08-12,327.5146789550781,980643843
2022-08-13,323.8701477050781,991712327
2022-08-14,317.98663330078125,936178150
2022-08-15,319.8872985839844,1141553086
2022-08-16,316.4236755371094,963072351
2022-08-17,306.63641357421875,1111784114
2022-08-18,298.1412353515625,1041814513
2022-08-19,279.7187194824219,1598319492
2022-08-20,283.6931457519531,1315367730
2022-08-21,302.0562744140625,1249205607
2022-08-22,300.5591125488281,1463703478
2022-08-23,299.0299377441406,1034959891
2022-08-24,296.4496765136719,935405757
2022-08-25,301.5836486816406,973529233
2022-08-26,279.5981750488281,1210077085
2022-08-27,277.80157470703125,962669292
2022-08-28,276.2508850097656,758285305
2022-08-29,286.2214050292969,1009161525
2022-08-30,281.42535400390625,979620743
2022-08-31,279.23809814453125,952486877
2022-09-01,278.417236328125,954919263
2022-09-02,277.4161071777344,807053745
2022-09-03,277.77557373046875,490102253
2022-09-04,278.84185791015625,512014471
2022-09-05,276.6859130859375,665273781
2022-09-06,262.66839599609375,1173656468
2022-09-07,278.7613220214844,963734560
2022-09-08,280.5774841308594,870477242
2022-09-09,293.4071350097656,1139680146
2022-09-10,296.96905517578125,851195253
2022-09-11,295.161865234375,700835025
2022-09-12,293.6587219238281,998624528
2022-09-13,277.5769348144531,1136956066
2022-09-14,279.3858642578125,956413768
2022-09-15,270.806884765625,1080164338
2022-09-16,274.6545715332031,803452434
2022-09-17,279.24932861328125,560951664
2022-09-18,266.31317138671875,789437105
2022-09-19,272.06982421875,1074224923
2022-09-20,266.3695983886719,845702947
2022-09-21,264.7920837402344,1057177278
2022-09-22,275.5002746582031,843345381
2022-09-23,276.6262512207031,869618433
2022-09-24,275.1353759765625,818302597
2022-09-25,274.0612487792969,640533920
2022-09-26,275.9278564453125,716989161
2022-09-27,272.40155029296875,927431127
2022-09-28,281.7812194824219,857467325
2022-09-29,283.7890319824219,800888080
2022-09-30,284.1922912597656,905481572
2022-10-01,282.8719177246094,593375648
2022-10-02,284.43310546875,556343468
2022-10-03,287.031982421875,700566674
2022-10-04,296.2984619140625,794566055
2022-10-05,294.1376647949219,656837388
2022-10-06,286.6341552734375,1010110227
2022-10-07,283.18267822265625,952606066
2022-10-08,276.4695739746094,604706997
2022-10-09,278.2380676269531,570350814
2022-10-10,271.8060607910156,655201928
2022-10-11,271.37139892578125,584301468
2022-10-12,270.97100830078125,546926291
2022-10-13,271.8514099121094,1124480167
2022-10-14,269.5671691894531,809144930
2022-10-15,268.4040832519531,491674298
2022-10-16,272.51995849609375,563344666
2022-10-17,275.5125732421875,594844795
2022-10-18,273.2145690917969,599934776
2022-10-19,271.9813537597656,497761035
2022-10-20,269.2712707519531,539795617
2022-10-21,270.0384216308594,593811687
2022-10-22,270.4794921875,391459296
2022-10-23,276.0081787109375,483765500
2022-10-24,273.9774169921875,535946814
2022-10-25,284.4325256347656,940035659
2022-10-26,290.3769836425781,1017326051
2022-10-27,286.8441162109375,874526054
2022-10-28,298.0141906738281,1072756219
2022-10-29,304.21795654296875,1397370727
2022-10-30,313.7547912597656,1451550019
2022-10-31,326.3607177734375,2168405759
2022-11-01,324.5794372558594,1329110451
2022-11-02,320.1505432128906,1411029750
2022-11-03,329.71697998046875,1514834239
2022-11-04,354.4063720703125,1938879952
2022-11-05,349.25372314453125,1231594445
2022-11-06,339.3893737792969,1143505730
2022-11-07,337.0145568847656,1811518274
2022-11-08,327.6902770996094,5390603525
2022-11-09,266.8531188964844,3191459132
2022-11-10,304.0800476074219,2461275687
2022-11-11,289.820556640625,1625174426
2022-11-12,282.3412780761719,1189401392
2022-11-13,276.5794372558594,956106804
2022-11-14,278.57843017578125,1541330420
2022-11-15,276.8740234375,1116291060
2022-11-16,272.08160400390625,908816092
2022-11-17,267.91131591796875,854777255
2022-11-18,273.91998291015625,685307608
2022-11-19,272.3976745605469,551451228
2022-11-20,264.2351379394531,720361905
2022-11-21,254.1682586669922,1094850661
2022-11-22,266.3243408203125,800429058
2022-11-23,297.8474426269531,1920236928
2022-11-24,300.4278259277344,1219177799
2022-11-25,300.57769775390625,949045515
2022-11-26,311.3884582519531,1221554861
2022-11-27,307.4292907714844,793779029
2022-11-28,293.5272521972656,1154829072
2022-11-29,295.4981689453125,986451640
2022-11-30,300.7943420410156,1009620336
2022-12-01,292.0162048339844,1433086340
2022-12-02,293.5274963378906,854253818
2022-12-03,290.5631408691406,634607105
2022-12-04,292.2882995605469,633441009
2022-12-05,288.4742736816406,705616866
2022-12-06,290.3544616699219,610280514
2022-12-07,284.284423828125,759320494
2022-12-08,290.53717041015625,646645162
2022-12-09,286.0904235839844,644239750
2022-12-10,288.1252136230469,439735200
2022-12-11,284.3904113769531,496833486
2022-12-12,276.2781982421875,974762447
2022-12-13,271.9516906738281,1925504273
2022-12-14,268.2315368652344,1026628081
2022-12-15,258.2737121582031,709349174
2022-12-16,231.23243713378906,1264053277
2022-12-17,242.52928161621094,1196953526
2022-12-18,251.15638732910156,925487110
2022-12-19,240.65780639648438,751196285
2022-12-20,251.74453735351562,667866377
2022-12-21,246.04698181152344,479296549
2022-12-22,245.890625,543367184
2022-12-23,246.14817810058594,388929772
2022-12-24,244.63552856445312,280627376
2022-12-25,243.14149475097656,298063868
2022-12-26,244.1982879638672,276115280
2022-12-27,246.5966796875,391342277
2022-12-28,244.1419219970703,414698978
2022-12-29,246.47972106933594,345312528
2022-12-30,245.7792205810547,342300809
2022-12-31,246.3491973876953,307551853
2023-01-01,244.13697814941406,278651737
2023-01-02,245.53590393066406,357733262
2023-01-03,246.13336181640625,377452410
2023-01-04,259.11968994140625,632924961
2023-01-05,256.4228515625,342934041
2023-01-06,259.8671569824219,417893264
2023-01-07,261.2828369140625,327712514
2023-01-08,274.38507080078125,491734030
2023-01-09,272.7015380859375,783671054
2023-01-10,277.2896423339844,470259383
2023-01-11,285.0465087890625,466458216
2023-01-12,287.8123474121094,655903255
2023-01-13,293.7330017089844,561853825
2023-01-14,305.2411193847656,1087358891
2023-01-15,302.0706481933594,562889882
2023-01-16,298.9992370605469,602126315
2023-01-17,299.82452392578125,529752305
2023-01-18,286.9910583496094,844268123
2023-01-19,294.8522033691406,431382130
2023-01-20,304.9731750488281,669836014
2023-01-21,299.26116943359375,755028964
2023-01-22,303.04644775390625,571771274
2023-01-23,305.50408935546875,520678637
2023-01-24,300.6123352050781,887528741
2023-01-25,307.3076477050781,667706772
2023-01-26,304.8665466308594,540954388
2023-01-27,308.12310791015625,484897937
2023-01-28,306.24432373046875,434715822
2023-01-29,317.3362121582031,664644693
2023-01-30,307.0688781738281,630938594
2023-01-31,312.3610534667969,487472184
2023-02-01,317.47259521484375,616638893
2023-02-02,323.34979248046875,909077028
2023-02-03,332.2686767578125,861598551
2023-02-04,330.6170959472656,440935963
2023-02-05,327.8693542480469,662969265
2023-02-06,324.6271667480469,521894604
2023-02-07,333.2278747558594,521804212
2023-02-08,328.0886535644531,515127902
2023-02-09,305.9604187011719,778492045
2023-02-10,305.9541320800781,492880078
2023-02-11,310.61602783203125,348569462
2023-02-12,312.9296569824219,520994815
2023-02-13,294.475341796875,1322505522
2023-02-14,296.120361328125,662196432
2023-02-15,317.1692199707031,667519216
2023-02-16,304.7637023925781,1036335164
2023-02-17,313.37799072265625,701575686
2023-02-18,316.6827087402344,467884011
2023-02-19,311.93585205078125,522437732
2023-02-20,315.37744140625,676396150
2023-02-21,311.4720153808594,579359973
2023-02-22,312.7811279296875,549179249
2023-02-23,308.533935546875,472852406
2023-02-24,302.0537109375,479926281
2023-02-25,302.3846130371094,310503640
2023-02-26,308.9970703125,312320211
2023-02-27,304.8558044433594,404806423
2023-02-28,301.4748229980469,337673265
2023-03-01,302.907470703125,377974810
2023-03-02,299.9461669921875,370516889
2023-03-03,290.2828369140625,450262903
2023-03-04,289.5038757324219,289197235
2023-03-05,288.69970703125,287599378
2023-03-06,288.0549621582031,374160712
2023-03-07,289.34368896484375,373176525
2023-03-08,286.86700439453125,436665040
2023-03-09,277.2961120605469,505668979
2023-03-10,277.4195861816406,558776711
2023-03-11,277.96142578125,523623578
2023-03-12,289.67578125,483074620
2023-03-13,308.9122009277344,1122664621
2023-03-14,309.37078857421875,866173920
2023-03-15,307.12493896484375,596861029
2023-03-16,329.8608703613281,1337194824
2023-03-17,339.0811462402344,934568148
2023-03-18,331.5242919921875,828471428
2023-03-19,336.9782409667969,705888292
2023-03-20,332.9230041503906,682276624
2023-03-21,335.3092346191406,638610697
2023-03-22,321.8877258300781,1280612242
2023-03-23,329.8370056152344,547390925
2023-03-24,322.3593444824219,468651735
2023-03-25,322.6730651855469,439062620
2023-03-26,328.88800048828125,363216136
2023-03-27,310.9491271972656,656817420
2023-03-28,313.2606201171875,478328374
2023-03-29,313.8417663574219,482942200
2023-03-30,316.56756591796875,594180917
2023-03-31,317.0400085449219,419430009
2023-04-01,315.2173156738281,463135728
2023-04-02,313.9286193847656,442429679
2023-04-03,308.5623779296875,701865645
2023-04-04,310.9948425292969,575672802
2023-04-05,314.06317138671875,592856922
2023-04-06,312.45465087890625,530706217
2023-04-07,310.6994934082031,478098163
2023-04-08,310.6347351074219,461767801
2023-04-09,312.87225341796875,465627007
2023-04-10,318.3790588378906,565754261
2023-04-11,322.7582702636719,896643000
2023-04-12,318.9537658691406,639928192
2023-04-13,324.9480895996094,684442464
2023-04-14,329.1738586425781,941862415
2023-04-15,333.40728759765625,730957108
2023-04-16,348.2209167480469,936315454
2023-04-17,339.9941101074219,856381072
2023-04-18,343.1934509277344,741280408
2023-04-19,322.70751953125,826810466
2023-04-20,317.8899230957031,663981561
2023-04-21,321.67498779296875,1057530805
2023-04-22,331.9950866699219,670641138
2023-04-23,330.61883544921875,639990072
2023-04-24,331.2458801269531,662758378
2023-04-25,338.3255615234375,682400159
2023-04-26,330.82177734375,910334786
2023-04-27,331.1950988769531,750494420
2023-04-28,324.500244140625,1069178743
2023-04-29,322.1347351074219,536818146
2023-04-30,337.6455383300781,865228956
2023-05-01,328.7242126464844,912601797
2023-05-02,321.95269775390625,686766524
2023-05-03,326.212890625,822037855
2023-05-04,323.9171447753906,467074893
2023-05-05,326.9403076171875,519090054
2023-05-06,322.7740173339844,494274153
2023-05-07,321.6110534667969,437921018
2023-05-08,313.9712219238281,636404503
2023-05-09,312.5137023925781,461175016
2023-05-10,314.57745361328125,545212280
2023-05-11,307.6958312988281,484941644
2023-05-12,308.6031188964844,509746023
2023-05-13,311.0868835449219,385073781
2023-05-14,312.1358947753906,404468149
2023-05-15,313.5294189453125,432273711
2023-05-16,311.3800354003906,402988974
2023-05-17,314.0835266113281,437721579
2023-05-18,309.4566955566406,383049498
2023-05-19,308.96429443359375,334636708
2023-05-20,310.719970703125,277393160
2023-05-21,306.5067138671875,302803530
2023-05-22,309.2456359863281,355156561
2023-05-23,313.5062255859375,361568579
2023-05-24,305.9327697753906,418835791
2023-05-25,304.733642578125,401117895
2023-05-26,306.8863220214844,475658791
2023-05-27,307.5917663574219,331579600
2023-05-28,314.2700500488281,405623337
2023-05-29,311.80718994140625,543284868
2023-05-30,311.68450927734375,392038878
2023-05-31,306.86669921875,474410245
2023-06-01,304.9532775878906,354897855
2023-06-02,307.4237976074219,382256220
2023-06-03,306.7201232910156,260995871
2023-06-04,305.15679931640625,273449324
2023-06-05,276.8892517089844,928515688
2023-06-06,281.4955749511719,691784529
2023-06-07,259.3914489746094,958739195
2023-06-08,262.14849853515625,562863852
2023-06-09,260.7160949707031,491429998
2023-06-10,239.08908081054688,1068424942
2023-06-11,235.4387969970703,376213808
2023-06-12,231.0514373779297,1014433334
2023-06-13,243.89053344726562,864407068
2023-06-14,237.5742645263672,738634212
2023-06-15,236.2806854248047,502420772
2023-06-16,239.1146697998047,488582672
2023-06-17,244.61058044433594,451849200
2023-06-18,244.08726501464844,372246652
2023-06-19,242.9033660888672,359118142
2023-06-20,247.6744384765625,477391843
2023-06-21,249.28634643554688,717670519
2023-06-22,240.7924346923828,709030407
2023-06-23,244.56494140625,493157882
2023-06-24,236.65965270996094,558809140
2023-06-25,238.8929901123047,414941211
2023-06-26,236.13426208496094,427457532
2023-06-27,237.49267578125,348181738
2023-06-28,230.65036010742188,480872336
2023-06-29,233.23245239257812,332343168
2023-06-30,240.36978149414062,626872820
2023-07-01,247.75942993164062,603755323
2023-07-02,246.25791931152344,519491311
2023-07-03,246.38221740722656,669962148
2023-07-04,242.492919921875,439591635
2023-07-05,239.08108520507812,455501209
2023-07-06,232.31942749023438,536134671
2023-07-07,235.62115478515625,418416864
2023-07-08,236.28738403320312,319300746
2023-07-09,234.22836303710938,289327973
2023-07-10,245.874267578125,834091613
2023-07-11,248.538330078125,536228377
2023-07-12,244.01988220214844,505389150
2023-07-13,256.48968505859375,761150982
2023-07-14,248.19161987304688,799468588
2023-07-15,251.09970092773438,422767368
2023-07-16,242.65682983398438,441487283
2023-07-17,244.35299682617188,671028354
2023-07-18,240.2649383544922,751858394
2023-07-19,241.1608123779297,499664149
2023-07-20,242.73313903808594,485038743
2023-07-21,243.7889862060547,413015398
2023-07-22,241.03074645996094,310128851
2023-07-23,242.45596313476562,279600847
2023-07-24,238.9462127685547,451906472
2023-07-25,237.80856323242188,366519529
2023-07-26,238.9623565673828,417581395
2023-07-27,240.49879455566406,433186880
2023-07-28,241.97703552246094,388148322
2023-07-29,242.5763702392578,317500344
2023-07-30,242.52598571777344,425584373
2023-07-31,241.1206512451172,1092564922
2023-08-01,247.50502014160156,830645013
2023-08-02,240.49464416503906,650256385
2023-08-03,241.0615234375,400525696
2023-08-04,241.47601318359375,370373499
2023-08-05,242.9593505859375,300760369
2023-08-06,242.79859924316406,417704185
2023-08-07,241.79750061035156,425652309
2023-08-08,245.14990234375,504987528
2023-08-09,243.89364624023438,399576464
2023-08-10,241.26246643066406,365863690
2023-08-11,239.70689392089844,386856576
2023-08-12,240.27362060546875,284512149
2023-08-13,240.03334045410156,296580783
2023-08-14,240.33924865722656,381157536
2023-08-15,236.67958068847656,482870297
2023-08-16,231.86874389648438,461572144
2023-08-17,218.5358428955078,786294218
2023-08-18,216.112548828125,567051050
2023-08-19,216.99945068359375,477267428
2023-08-20,216.63580322265625,297744717
2023-08-21,210.63894653320312,582113967
2023-08-22,210.8343505859375,637832641
2023-08-23,216.3992919921875,566160608
2023-08-24,218.64639282226562,394620698
2023-08-25,218.3310546875,423891092
2023-08-26,216.36424255371094,273738258
2023-08-27,218.35800170898438,325410553
2023-08-28,218.71856689453125,332786869
2023-08-29,226.86288452148438,593296661
2023-08-30,223.7994384765625,359750612
2023-08-31,216.59779357910156,428616639
2023-09-01,213.63055419921875,438229562
2023-09-02,214.44854736328125,291979876
2023-09-03,214.3999481201172,264565518
2023-09-04,215.197509765625,364530693
2023-09-05,214.47813415527344,298056096
2023-09-06,215.13465881347656,367874698
2023-09-07,216.88717651367188,414939879
2023-09-08,214.56202697753906,350437594
2023-09-09,214.2229461669922,218159197
2023-09-10,212.31802368164062,334977578
2023-09-11,206.03421020507812,466832593
2023-09-12,210.99436950683594,435525863
2023-09-13,212.64259338378906,329580406
2023-09-14,212.2828369140625,370840987
2023-09-15,214.17552185058594,477731080
2023-09-16,214.96054077148438,483436741
2023-09-17,216.4657745361328,432102186
2023-09-18,216.00392150878906,572231452
2023-09-19,217.21095275878906,385547582
2023-09-20,214.3633270263672,372917826
2023-09-21,210.7939453125,384479845
2023-09-22,211.15086364746094,274805031
2023-09-23,210.56060791015625,215040995
2023-09-24,208.28289794921875,287192497
2023-09-25,210.0738067626953,294180845
2023-09-26,212.37844848632812,615780140
2023-09-27,211.98541259765625,753741988
2023-09-28,215.07598876953125,358321830
2023-09-29,215.2794189453125,335321479
2023-09-30,214.82130432128906,243788424
2023-10-01,218.04713439941406,387408083
2023-10-02,214.7579345703125,466879383
2023-10-03,213.43594360351562,305437646
2023-10-04,213.4130859375,357560724
2023-10-05,210.67967224121094,351872670
2023-10-06,213.55552673339844,271152975
2023-10-07,212.36447143554688,211771782
2023-10-08,211.51998901367188,267193041
2023-10-09,205.75096130371094,416312027
2023-10-10,208.57687377929688,441959353
2023-10-11,206.53341674804688,323117665
2023-10-12,205.2294158935547,302337006
2023-10-13,206.03611755371094,296977151
2023-10-14,206.60189819335938,203846460
2023-10-15,209.7425079345703,352524312
2023-10-16,214.82395935058594,521099239
2023-10-17,211.6432342529297,352621995
2023-10-18,210.50103759765625,275336939
2023-10-19,211.1441650390625,281310969
2023-10-20,212.30084228515625,335590168
2023-10-21,214.3056640625,267943731
2023-10-22,217.74737548828125,286771903
2023-10-23,228.35276794433594,611625206
2023-10-24,225.14295959472656,658304834
2023-10-25,222.179931640625,414309192
2023-10-26,223.2360382080078,438534864
2023-10-27,224.4759063720703,554008090
2023-10-28,225.77407836914062,244363054
2023-10-29,227.14845275878906,207847188
2023-10-30,228.2874298095703,282899321
2023-10-31,226.43994140625,319329197
2023-11-01,228.00010681152344,384772000
2023-11-02,231.7230224609375,487639810
2023-11-03,230.60597229003906,332547803
2023-11-04,237.45460510253906,267965564
2023-11-05,244.32247924804688,419858434
2023-11-06,254.63479614257812,524115628
2023-11-07,246.39529418945312,549207441
2023-11-08,247.123291015625,369346518
2023-11-09,251.51084899902344,1116630429
2023-11-10,251.08236694335938,873515280
2023-11-11,251.42161560058594,872206327
2023-11-12,247.6400146484375,758715918
2023-11-13,241.33506774902344,888039233
2023-11-14,242.263671875,917236070
2023-11-15,253.75534057617188,921052035
2023-11-16,242.75888061523438,950453378
2023-11-17,244.745361328125,788884171
2023-11-18,244.9507598876953,679630905
2023-11-19,246.58778381347656,618053586
2023-11-20,253.6350860595703,1289010990
2023-11-21,226.4864044189453,2480554399
2023-11-22,236.1365966796875,1338117919
2023-11-23,233.76580810546875,766695224
2023-11-24,232.9009552001953,709881299
2023-11-25,234.43994140625,553022191
2023-11-26,232.0471954345703,606332049
2023-11-27,227.42147827148438,795547656
2023-11-28,229.69296264648438,674267936
2023-11-29,227.34275817871094,602240832
2023-11-30,227.68380737304688,572448874
2023-12-01,228.54563903808594,611750028
2023-12-02,229.30084228515625,628871423
2023-12-03,228.09820556640625,719496781
2023-12-04,233.29530334472656,2139028703
2023-12-05,231.2613525390625,851959167
2023-12-06,229.42440795898438,850327297
2023-12-07,232.97743225097656,813730268
2023-12-08,238.91598510742188,828993280
2023-12-09,237.7686004638672,856746249
2023-12-10,239.733154296875,640133489
2023-12-11,246.42086791992188,1442275453
2023-12-12,254.49497985839844,1394681963
2023-12-13,252.42332458496094,1052163656
2023-12-14,253.5412139892578,876150236
2023-12-15,244.8984375,769388533
2023-12-16,244.35096740722656,651447427
2023-12-17,239.30828857421875,650163942
2023-12-18,241.3484344482422,871708609
2023-12-19,252.63719177246094,1254351945
2023-12-20,260.10736083984375,1053279744
2023-12-21,271.24658203125,1183480386
2023-12-22,271.3764953613281,1014769310
2023-12-23,271.3909606933594,695725248
2023-12-24,264.71710205078125,803502105
2023-12-25,267.0733642578125,738674209
2023-12-26,297.6932373046875,1941843757
2023-12-27,323.6773376464844,1893987416
2023-12-28,323.5989990234375,1987714005
2023-12-29,313.8787536621094,1415732360
2023-12-30,317.16619873046875,901159404
2023-12-31,312.4356994628906,953254184
2024-01-01,314.4082946777344,910568057
2024-01-02,312.10382080078125,1133024158
2024-01-03,316.6612854003906,1927148986
2024-01-04,323.6000061035156,1285291962
2024-01-05,317.4502868652344,1257230413
2024-01-06,307.79449462890625,1051283820
2024-01-07,302.8905334472656,817795075
2024-01-08,304.5003967285156,1141697708
2024-01-09,300.9761047363281,1374376391
2024-01-10,305.0968322753906,1199728038
2024-01-11,308.7015075683594,1326827289
2024-01-12,296.6304626464844,1198386629
2024-01-13,302.227294921875,816347256
2024-01-14,299.05133056640625,787643004
2024-01-15,317.5672607421875,1667214322
2024-01-16,315.22625732421875,1143877764
2024-01-17,309.08538818359375,1206464161
2024-01-18,313.2928771972656,1105813150
2024-01-19,314.3004455566406,1036123822
2024-01-20,316.96038818359375,694855739
2024-01-21,318.3186950683594,723174009
2024-01-22,305.43701171875,948987847
2024-01-23,298.4039001464844,1065495592
2024-01-24,293.0914306640625,960725208
2024-01-25,291.9192810058594,1086918042
2024-01-26,302.3179931640625,964268733
2024-01-27,305.8248291015625,691653061
2024-01-28,304.9756164550781,782354766
2024-01-29,310.7080078125,824640185
2024-01-30,307.4627380371094,777667889
2024-01-31,300.35107421875,814318731
2024-02-01,300.1759033203125,754502530
2024-02-02,301.15496826171875,699579739
2024-02-03,299.7367248535156,606345017
2024-02-04,304.7341613769531,818836774
2024-02-05,300.8540344238281,826414727
2024-02-06,302.71014404296875,680038428
2024-02-07,307.63458251953125,776516914
2024-02-08,318.87188720703125,1206142745
2024-02-09,323.84228515625,1094700959
2024-02-10,323.1338806152344,737748174
2024-02-11,320.78753662109375,706320478
2024-02-12,327.9446105957031,982444950
2024-02-13,324.86822509765625,886487720
2024-02-14,334.2459716796875,887463520
2024-02-15,354.7108154296875,1744161787
2024-02-16,360.890380859375,1461675119
2024-02-17,352.9081115722656,1101515839
2024-02-18,349.6799621582031,959954204
2024-02-19,351.8070983886719,1290009052
2024-02-20,354.8639221191406,1489888631
2024-02-21,378.5373229980469,2264483250
2024-02-22,382.009765625,2002118598
2024-02-23,375.319091796875,1755398357
2024-02-24,381.7427978515625,1088410661
2024-02-25,388.5517272949219,1324081579
2024-02-26,401.6438903808594,2011146388
2024-02-27,394.9956359863281,1750697179
2024-02-28,415.7716064453125,2323818531
2024-02-29,399.7787170410156,2058367303
2024-03-01,407.8107604980469,1527194519
2024-03-02,410.9858703613281,1520439801
2024-03-03,414.3810729980469,1810575392
2024-03-04,419.0354309082031,2111212949
2024-03-05,394.6617431640625,3319029162
2024-03-06,429.011962890625,3281109608
2024-03-07,475.2906494140625,3328990543
2024-03-08,488.09417724609375,3644157779
2024-03-09,489.56182861328125,2314944823
2024-03-10,529.374755859375,4507153439
2024-03-11,522.718017578125,3950105375
2024-03-12,537.86572265625,4381078189
2024-03-13,630.5613403320312,5717769152
2024-03-14,602.9887084960938,4918366892
2024-03-15,632.8027954101562,5849156503
2024-03-16,576.7752075195312,3952760767
2024-03-17,571.0855712890625,3512190982
2024-03-18,554.55712890625,3982384372
2024-03-19,507.0765686035156,4346763421
2024-03-20,556.7005004882812,3177352364
2024-03-21,553.2482299804688,2595135487
2024-03-22,551.778564453125,2949959002
2024-03-23,551.8795166015625,1962524597
2024-03-24,567.9948120117188,1745465728
2024-03-25,587.4276123046875,2490221265
2024-03-26,580.1505126953125,2086911757
2024-03-27,574.5115966796875,1983797879
2024-03-28,583.2708740234375,1986567688
2024-03-29,612.657958984375,2788931743
2024-03-30,601.016357421875,1750650703
2024-03-31,606.9086303710938,1456592924
2024-04-01,576.3966674804688,2020241864
2024-04-02,550.6814575195312,2480273065
2024-04-03,562.0196533203125,2096610785
2024-04-04,585.4415283203125,2340488273
2024-04-05,578.9669189453125,1983792648
2024-04-06,585.966796875,1328988130
2024-04-07,584.1021728515625,1374676397
2024-04-08,586.9009399414062,1739232272
2024-04-09,580.830322265625,1988165022
2024-04-10,610.0839233398438,1654268255
2024-04-11,604.893798828125,1299527568
2024-04-12,596.380126953125,2619549858
2024-04-13,554.2998046875,2660310655
2024-04-14,567.2184448242188,1724305772
2024-04-15,552.87451171875,1488692418
2024-04-16,537.829345703125,1299731119
2024-04-17,534.416015625,1411927485
2024-04-18,552.172119140625,1439312699
2024-04-19,554.8892822265625,1320094794
2024-04-20,570.9605102539062,697007137
2024-04-21,579.6199340820312,782061076
2024-04-22,605.5755004882812,1300340623
2024-04-23,606.8406372070312,1380221181
2024-04-24,608.0861206054688,1518718475
2024-04-25,614.0050048828125,1161642323
2024-04-26,597.7054443359375,817787521
2024-04-27,595.7205200195312,781864034
2024-04-28,600.0711669921875,681109845
2024-04-29,592.8312377929688,868114786
2024-04-30,578.488037109375,1727881192
2024-05-01,561.408203125,1502825527
2024-05-02,560.5267333984375,877449354
2024-05-03,587.0104370117188,854728192
2024-05-04,585.8465576171875,582273374
2024-05-05,592.140380859375,531182053
2024-05-06,588.4759521484375,1522319999
2024-05-07,577.4862060546875,1535678414
2024-05-08,588.1974487304688,1603241013
2024-05-09,596.031982421875,1897318659
2024-05-10,585.6221923828125,1521708160
2024-05-11,592.0278930664062,1333662111
2024-05-12,594.424560546875,1276671115
2024-05-13,591.60693359375,1636169234
2024-05-14,566.70703125,1944063031
2024-05-15,582.0743408203125,1895100260
2024-05-16,569.1902465820312,1911862000
2024-05-17,581.1783447265625,1557134929
2024-05-18,580.4811401367188,1358737176
2024-05-19,574.6316528320312,1298887094
2024-05-20,600.6163330078125,2145457267
2024-05-21,618.4204711914062,3564986916
2024-05-22,614.671875,2138536549
2024-05-23,598.6708374023438,2631566566
2024-05-24,600.2258911132812,1778282198
2024-05-25,602.1944580078125,1392399167
2024-05-26,599.825927734375,1372657185
2024-05-27,603.5264282226562,1691663828
2024-05-28,601.2132568359375,1852329404
2024-05-29,594.9720458984375,1642696946
2024-05-30,595.0267944335938,1737524745
2024-05-31,593.5223388671875,1590349553
2024-06-01,601.30419921875,1520074486
2024-06-02,603.026611328125,1667233984
2024-06-03,626.4329833984375,2952110605
2024-06-04,686.201416015625,3416994948
2024-06-05,698.889404296875,3501231414
2024-06-06,710.4640502929688,2997888288
2024-06-07,683.3609619140625,2987033806
2024-06-08,682.6651611328125,1966216051
2024-06-09,673.3153076171875,1856183346
2024-06-10,624.3868408203125,3184376694
2024-06-11,602.55810546875,2604834485
2024-06-12,619.19482421875,2221546160
2024-06-13,599.5150756835938,1879189691
2024-06-14,603.1805419921875,1848914113
2024-06-15,607.8029174804688,1471028668
2024-06-16,610.0540161132812,1428836675
2024-06-17,604.4673461914062,1797626078
2024-06-18,588.7020874023438,2265505402
2024-06-19,598.771728515625,1788904109
2024-06-20,587.107177734375,1817442036
2024-06-21,585.9119262695312,1672110625
2024-06-22,590.7633666992188,1387634576
2024-06-23,577.2108764648438,1444372224
2024-06-24,567.578125,2033721646
2024-06-25,578.1034545898438,1581413208
2024-06-26,572.4017944335938,1537826836
2024-06-27,580.7982788085938,1659378248
2024-06-28,566.4644775390625,1618598501
2024-06-29,569.127685546875,1375085097
2024-06-30,581.7711181640625,1564676508
2024-07-01,576.6869506835938,1613874196
2024-07-02,578.9810791015625,1528045271
2024-07-03,556.5777587890625,1736158280
2024-07-04,513.9945068359375,2056945763
2024-07-05,497.9958190917969,2865780557
2024-07-06,527.6743774414062,1604647597
2024-07-07,490.6131286621094,1660301909
2024-07-08,510.6142578125,2305009896
2024-07-09,516.568115234375,1586240513
2024-07-10,524.5165405273438,1592646761
2024-07-11,525.1380615234375,1685684515
2024-07-12,533.75732421875,1600204226
2024-07-13,532.3488159179688,1436156860
2024-07-14,544.8187255859375,1486806663
2024-07-15,586.1410522460938,2019082961
2024-07-16,576.583984375,2082707183
2024-07-17,568.9127197265625,1739938322
2024-07-18,571.9515380859375,1636814280
2024-07-19,593.7021484375,2052978808
2024-07-20,593.5722045898438,1585229672
2024-07-21,601.8511962890625,1815088659
2024-07-22,587.9177856445312,1985538902
2024-07-23,582.0995483398438,1839296067
2024-07-24,574.5784912109375,1601708271
2024-07-25,570.71337890625,1995371028
2024-07-26,581.0779418945312,1665724792
2024-07-27,581.5888061523438,1760015335
2024-07-28,584.099609375,1464043630
2024-07-29,574.642578125,1825858615
2024-07-30,587.6651000976562,1811656040
2024-07-31,576.3681640625,1798590737
2024-08-01,575.146728515625,2045220020
2024-08-02,542.9151611328125,2062337930
2024-08-03,529.4813232421875,1826715291
2024-08-04,497.0390930175781,1980159444
2024-08-05,464.6269226074219,4703145244
2024-08-06,484.3238220214844,2087680023
2024-08-07,474.2247619628906,1883200228
2024-08-08,517.3375244140625,1790085695
2024-08-09,509.1827087402344,1565495419
2024-08-10,523.317626953125,1394699693
2024-08-11,503.8045349121094,1563057068
2024-08-12,518.5361328125,1786263873
2024-08-13,524.1285400390625,1757981177
2024-08-14,524.0153198242188,1604400640
2024-08-15,519.870361328125,1645936961
2024-08-16,519.9686279296875,1538941515
2024-08-17,542.2342529296875,1554176167
2024-08-18,531.6085205078125,1458218557
2024-08-19,559.81884765625,1721716619
2024-08-20,569.2669677734375,2062353969
2024-08-21,570.0197143554688,1887431524
2024-08-22,583.0518798828125,1998394415
2024-08-23,591.8060302734375,2037288685
2024-08-24,580.76220703125,1954023736
2024-08-25,574.2499389648438,1681089758
2024-08-26,548.8280029296875,1818728257
2024-08-27,533.9758911132812,1853530701
2024-08-28,536.816162109375,1861040561
2024-08-29,536.6256713867188,1577402536
2024-08-30,535.3157958984375,1598876190
2024-08-31,532.89697265625,1284869085
2024-09-01,512.59521484375,1498350087
2024-09-02,526.438720703125,1653356892
2024-09-03,518.6689453125,1559458476
2024-09-04,507.82049560546875,1898187560
2024-09-05,502.0693664550781,1468645986
2024-09-06,486.9027404785156,1860035342
2024-09-07,493.22613525390625,1358748616
2024-09-08,503.0001525878906,1378399660
2024-09-09,518.5453491210938,1602303180
2024-09-10,517.4838256835938,1461007853
2024-09-11,530.1940307617188,1629703281
2024-09-12,544.3037719726562,1725751181
2024-09-13,557.01806640625,1745545933
2024-09-14,553.5650634765625,1412065214
2024-09-15,553.9722900390625,1565883242
2024-09-16,533.80908203125,1805132571
2024-09-17,546.0135498046875,1617928146
2024-09-18,559.0445556640625,1657679444
2024-09-19,566.2235107421875,1859308230
2024-09-20,568.5850830078125,1821452417
2024-09-21,589.0379638671875,1694887390
2024-09-22,588.0869140625,1680179600
2024-09-23,604.3660278320312,2189508231
2024-09-24,606.5230712890625,1904808937
2024-09-25,587.3525390625,1744393946
2024-09-26,596.7769165039062,2081857126
2024-09-27,607.8670043945312,2144197609
2024-09-28,601.5671997070312,1858159482
2024-09-29,596.4111938476562,1649655134
2024-09-30,567.2600708007812,1978021598
2024-10-01,547.9971313476562,2124076272
2024-10-02,542.7123413085938,1821113448
2024-10-03,544.4249877929688,1611934612
2024-10-04,555.3842163085938,1518084330
2024-10-05,563.2091674804688,1426434745
2024-10-06,570.542724609375,1416593714
2024-10-07,564.1497192382812,1703177011
2024-10-08,580.4038696289062,2143563900
2024-10-09,570.2771606445312,1913652029
2024-10-10,562.7257690429688,1559089785
2024-10-11,572.8572387695312,1622508791
2024-10-12,576.4497680664062,1482994534
2024-10-13,571.8217163085938,1472484694
2024-10-14,588.9004516601562,1825783992
2024-10-15,594.189208984375,2040945899
2024-10-16,600.8178100585938,1918592073
2024-10-17,592.0396118164062,1739191571
2024-10-18,599.364990234375,1638190792
2024-10-19,597.9749145507812,1432675869
2024-10-20,605.517822265625,1608355248
2024-10-21,598.8175659179688,1917193200
2024-10-22,593.3606567382812,1739710555
2024-10-23,582.473388671875,1719055847
2024-10-24,594.15478515625,1595144217
2024-10-25,574.2536010742188,1712373877
2024-10-26,582.8060913085938,1433826425
2024-10-27,588.7158203125,1402058513
2024-10-28,600.5960693359375,1671332663
2024-10-29,605.6682739257812,1886358424
2024-10-30,595.7278442382812,1662620787
2024-10-31,576.0344848632812,1810695051
2024-11-01,572.7622680664062,1708220753
2024-11-02,568.0368041992188,1427236241
2024-11-03,557.6416015625,1584005358
2024-11-04,552.0711059570312,1580672363
2024-11-05,563.612060546875,1513727150
2024-11-06,591.9952392578125,2342544855
2024-11-07,598.4359130859375,1970633102
2024-11-08,597.9484252929688,1878681588
2024-11-09,624.3746948242188,2739276599
2024-11-10,628.302490234375,2965668641
2024-11-11,661.88720703125,3375111971
2024-11-12,627.0038452148438,3603680244
2024-11-13,621.0003051757812,3294001434
2024-11-14,621.6801147460938,3392713356
2024-11-15,618.866455078125,2547491086
2024-11-16,622.3731689453125,2115528251
2024-11-17,618.4000854492188,2452647630
2024-11-18,619.4354858398438,2284855769
2024-11-19,615.9874267578125,2075194269
2024-11-20,606.1174926757812,2115915285
2024-11-21,622.8263549804688,2698689844
2024-11-22,633.513427734375,2447537777
2024-11-23,651.197265625,3306614137
2024-11-24,660.3175659179688,3110188599
2024-11-25,636.6397094726562,2787672069
2024-11-26,613.5872802734375,2637257322
2024-11-27,644.948486328125,2393610865
2024-11-28,654.3616333007812,2597378212
2024-11-29,654.8097534179688,2098059690
2024-11-30,654.3291625976562,2273610461
2024-12-01,655.9324951171875,2055110342
2024-12-02,647.594482421875,2641248821
2024-12-03,737.6965942382812,4177512806
2024-12-04,739.2527465820312,5614818578
2024-12-05,714.3219604492188,3771629643
2024-12-06,732.0062866210938,2870854029
2024-12-07,750.2726440429688,2326982728
2024-12-08,743.295654296875,2035017685
2024-12-09,689.9243774414062,3267965774
2024-12-10,676.98291015625,3102408468
2024-12-11,711.8114013671875,2276828057
2024-12-12,705.9442138671875,2393129125
2024-12-13,726.2548217773438,2449855057
2024-12-14,715.6956787109375,1957844883
2024-12-15,719.13427734375,1831103596
2024-12-16,720.3263549804688,2276490785
2024-12-17,716.6824951171875,2363860623
2024-12-18,687.623779296875,2702479586
2024-12-19,666.5693359375,2806454484
2024-12-20,678.0866088867188,3064285256
2024-12-21,663.2794799804688,2185739949
2024-12-22,648.7047119140625,1091595586
2024-12-23,693.000732421875,1738271695
2024-12-24,696.7411499023438,1145844254
2024-12-25,702.3269653320312,893387310
2024-12-26,688.360107421875,1253518341
2024-12-27,690.4293823242188,1884726979
2024-12-28,720.9590454101562,1890880986
2024-12-29,693.7545166015625,1647228348
2024-12-30,704.1463012695312,1790325219
2024-12-31,700.9868774414062,2372886701
