Date,"SP500_('Close', '^GSPC')","SP500_('Volume', '^GSPC')"
2020-01-02,3257.85009765625,3459930000
2020-01-03,3234.85009765625,3484700000
2020-01-06,3246.280029296875,3702460000
2020-01-07,3237.179931640625,3435910000
2020-01-08,3253.050048828125,3726840000
2020-01-09,3274.699951171875,3641230000
2020-01-10,3265.35009765625,3214580000
2020-01-13,3288.1298828125,3459390000
2020-01-14,3283.14990234375,3687620000
2020-01-15,3289.2900390625,3721490000
2020-01-16,3316.81005859375,3540580000
2020-01-17,3329.6201171875,3726220000
2020-01-21,3320.7900390625,4104840000
2020-01-22,3321.75,3623780000
2020-01-23,3325.5400390625,3766710000
2020-01-24,3295.469970703125,3708780000
2020-01-27,3243.6298828125,3831050000
2020-01-28,3276.239990234375,3531570000
2020-01-29,3273.39990234375,3600250000
2020-01-30,3283.659912109375,3790350000
2020-01-31,3225.52001953125,4529700000
2020-02-03,3248.919921875,3760460000
2020-02-04,3297.590087890625,3996900000
2020-02-05,3334.68994140625,4121480000
2020-02-06,3345.780029296875,3887250000
2020-02-07,3327.7099609375,3733920000
2020-02-10,3352.090087890625,3462730000
2020-02-11,3357.75,3762940000
2020-02-12,3379.449951171875,3930910000
2020-02-13,3373.93994140625,3500890000
2020-02-14,3380.159912109375,3419700000
2020-02-18,3370.2900390625,3750400000
2020-02-19,3386.14990234375,3614200000
2020-02-20,3373.22998046875,4019180000
2020-02-21,3337.75,3908780000
2020-02-24,3225.889892578125,4851160000
2020-02-25,3128.2099609375,5596760000
2020-02-26,3116.389892578125,5484650000
2020-02-27,2978.760009765625,7064710000
2020-02-28,2954.219970703125,8569570000
2020-03-02,3090.22998046875,6381330000
2020-03-03,3003.3701171875,6376510000
2020-03-04,3130.1201171875,5073020000
2020-03-05,3023.93994140625,5579290000
2020-03-06,2972.3701171875,6555240000
2020-03-09,2746.56005859375,8441290000
2020-03-10,2882.22998046875,7642040000
2020-03-11,2741.3798828125,7431200000
2020-03-12,2480.639892578125,8850810000
2020-03-13,2711.02001953125,8299070000
2020-03-16,2386.1298828125,7805450000
2020-03-17,2529.18994140625,8370250000
2020-03-18,2398.10009765625,8799300000
2020-03-19,2409.389892578125,7956100000
2020-03-20,2304.919921875,9053950000
2020-03-23,2237.39990234375,7411380000
2020-03-24,2447.330078125,7563150000
2020-03-25,2475.56005859375,8300010000
2020-03-26,2630.070068359375,7766990000
2020-03-27,2541.469970703125,6201670000
2020-03-30,2626.64990234375,5751120000
2020-03-31,2584.590087890625,6576210000
2020-04-01,2470.5,5964000000
2020-04-02,2526.89990234375,6464190000
2020-04-03,2488.64990234375,6096970000
2020-04-06,2663.679931640625,6403840000
2020-04-07,2659.409912109375,7050410000
2020-04-08,2749.97998046875,5875710000
2020-04-09,2789.820068359375,7899550000
2020-04-13,2761.6298828125,5319530000
2020-04-14,2846.06005859375,5615730000
2020-04-15,2783.360107421875,5208000000
2020-04-16,2799.550048828125,5228810000
2020-04-17,2874.56005859375,5804810000
2020-04-20,2823.159912109375,5228630000
2020-04-21,2736.56005859375,5121010000
2020-04-22,2799.31005859375,5084920000
2020-04-23,2797.800048828125,5773530000
2020-04-24,2836.739990234375,5382810000
2020-04-27,2878.47998046875,5203930000
2020-04-28,2863.389892578125,5691160000
2020-04-29,2939.510009765625,6645640000
2020-04-30,2912.429931640625,6544980000
2020-05-01,2830.7099609375,4759810000
2020-05-04,2842.739990234375,4735930000
2020-05-05,2868.43994140625,5140290000
2020-05-06,2848.419921875,4892570000
2020-05-07,2881.18994140625,5178790000
2020-05-08,2929.800048828125,4876030000
2020-05-11,2930.18994140625,4819730000
2020-05-12,2870.1201171875,5119630000
2020-05-13,2820.0,6151650000
2020-05-14,2852.5,5651130000
2020-05-15,2863.699951171875,5507700000
2020-05-18,2953.909912109375,6373670000
2020-05-19,2922.93994140625,4984330000
2020-05-20,2971.610107421875,5005380000
2020-05-21,2948.510009765625,4976620000
2020-05-22,2955.449951171875,3970860000
2020-05-26,2991.77001953125,5848500000
2020-05-27,3036.1298828125,6398000000
2020-05-28,3029.72998046875,5447020000
2020-05-29,3044.31005859375,7297550000
2020-06-01,3055.72998046875,4684170000
2020-06-02,3080.820068359375,5197150000
2020-06-03,3122.8701171875,6005560000
2020-06-04,3112.35009765625,6451290000
2020-06-05,3193.929931640625,8639300000
2020-06-08,3232.389892578125,8498300000
2020-06-09,3207.179931640625,6410930000
2020-06-10,3190.139892578125,6598870000
2020-06-11,3002.10009765625,7037320000
2020-06-12,3041.31005859375,5845330000
2020-06-15,3066.590087890625,5757480000
2020-06-16,3124.739990234375,5845810000
2020-06-17,3113.489990234375,4560450000
2020-06-18,3115.340087890625,4448690000
2020-06-19,3097.739990234375,8346650000
2020-06-22,3117.860107421875,4686690000
2020-06-23,3131.2900390625,4711850000
2020-06-24,3050.330078125,5597680000
2020-06-25,3083.760009765625,4847690000
2020-06-26,3009.050048828125,8107850000
2020-06-29,3053.239990234375,4473970000
2020-06-30,3100.2900390625,4705850000
2020-07-01,3115.860107421875,4449230000
2020-07-02,3130.010009765625,4197720000
2020-07-06,3179.719970703125,4759160000
2020-07-07,3145.320068359375,4571330000
2020-07-08,3169.93994140625,4937310000
2020-07-09,3152.050048828125,4843650000
2020-07-10,3185.0400390625,4524190000
2020-07-13,3155.219970703125,4902440000
2020-07-14,3197.52001953125,4507140000
2020-07-15,3226.56005859375,4686830000
2020-07-16,3215.570068359375,3972860000
2020-07-17,3224.72998046875,4012850000
2020-07-20,3251.840087890625,3979340000
2020-07-21,3257.300048828125,4556610000
2020-07-22,3276.02001953125,4267160000
2020-07-23,3235.659912109375,4296760000
2020-07-24,3215.6298828125,3689410000
2020-07-27,3239.409912109375,3970310000
2020-07-28,3218.43994140625,4053180000
2020-07-29,3258.43994140625,4478200000
2020-07-30,3246.219970703125,4264920000
2020-07-31,3271.1201171875,5007530000
2020-08-03,3294.610107421875,4438940000
2020-08-04,3306.510009765625,4414380000
2020-08-05,3327.77001953125,4535060000
2020-08-06,3349.159912109375,4278930000
2020-08-07,3351.280029296875,4110030000
2020-08-10,3360.469970703125,4327920000
2020-08-11,3333.68994140625,4880540000
2020-08-12,3380.35009765625,3772250000
2020-08-13,3373.429931640625,3438730000
2020-08-14,3372.85009765625,3200060000
2020-08-17,3381.989990234375,3460330000
2020-08-18,3389.780029296875,3669550000
2020-08-19,3374.85009765625,3679480000
2020-08-20,3385.510009765625,3431040000
2020-08-21,3397.159912109375,3505010000
2020-08-24,3431.280029296875,3743410000
2020-08-25,3443.6201171875,3627650000
2020-08-26,3478.72998046875,3780530000
2020-08-27,3484.550048828125,3955890000
2020-08-28,3508.010009765625,3868510000
2020-08-31,3500.31005859375,4348280000
2020-09-01,3526.64990234375,4101490000
2020-09-02,3580.840087890625,4295640000
2020-09-03,3455.06005859375,4911830000
2020-09-04,3426.9599609375,4438720000
2020-09-08,3331.840087890625,4694330000
2020-09-09,3398.9599609375,3932520000
2020-09-10,3339.18994140625,4208630000
2020-09-11,3340.969970703125,3710090000
2020-09-14,3383.5400390625,3839580000
2020-09-15,3401.199951171875,4057190000
2020-09-16,3385.489990234375,4718900000
2020-09-17,3357.010009765625,4379840000
2020-09-18,3319.469970703125,7076400000
2020-09-21,3281.06005859375,4836070000
2020-09-22,3315.570068359375,3974510000
2020-09-23,3236.919921875,4378650000
2020-09-24,3246.590087890625,4601920000
2020-09-25,3298.4599609375,3803330000
2020-09-28,3351.60009765625,3950910000
2020-09-29,3335.469970703125,3661590000
2020-09-30,3363.0,4738640000
2020-10-01,3380.800048828125,4076340000
2020-10-02,3348.419921875,3975180000
2020-10-05,3408.60009765625,3692720000
2020-10-06,3360.969970703125,4453390000
2020-10-07,3419.43994140625,3814750000
2020-10-08,3446.830078125,3867640000
2020-10-09,3477.139892578125,3944090000
2020-10-12,3534.219970703125,3435760000
2020-10-13,3511.929931640625,3611100000
2020-10-14,3488.669921875,3858510000
2020-10-15,3483.340087890625,3724550000
2020-10-16,3483.81005859375,4688030000
2020-10-19,3426.919921875,4091080000
2020-10-20,3443.1201171875,3917850000
2020-10-21,3435.56005859375,4103960000
2020-10-22,3453.489990234375,4172060000
2020-10-23,3465.389892578125,3651600000
2020-10-26,3400.969970703125,4002210000
2020-10-27,3390.679931640625,3962400000
2020-10-28,3271.030029296875,5139970000
2020-10-29,3310.110107421875,4911860000
2020-10-30,3269.9599609375,4843930000
2020-11-02,3310.239990234375,4314690000
2020-11-03,3369.159912109375,4241380000
2020-11-04,3443.43994140625,4790400000
2020-11-05,3510.449951171875,4858150000
2020-11-06,3509.43994140625,4842460000
2020-11-09,3550.5,8570510000
2020-11-10,3545.530029296875,6037470000
2020-11-11,3572.659912109375,4635560000
2020-11-12,3537.010009765625,4909660000
2020-11-13,3585.14990234375,4719580000
2020-11-16,3626.909912109375,5295510000
2020-11-17,3609.530029296875,4812180000
2020-11-18,3567.7900390625,5284810000
2020-11-19,3581.8701171875,4363370000
2020-11-20,3557.5400390625,4236370000
2020-11-23,3577.590087890625,5057550000
2020-11-24,3635.409912109375,6280290000
2020-11-25,3629.64990234375,4910440000
2020-11-27,3638.35009765625,2778390000
2020-11-30,3621.6298828125,6308410000
2020-12-01,3662.449951171875,5418480000
2020-12-02,3669.010009765625,5041250000
2020-12-03,3666.719970703125,5065340000
2020-12-04,3699.1201171875,5099620000
2020-12-07,3691.9599609375,4804500000
2020-12-08,3702.25,4584390000
2020-12-09,3672.820068359375,5232800000
2020-12-10,3668.10009765625,4658480000
2020-12-11,3663.4599609375,4375470000
2020-12-14,3647.489990234375,4623850000
2020-12-15,3694.6201171875,4387080000
2020-12-16,3701.169921875,4067040000
2020-12-17,3722.47998046875,4192810000
2020-12-18,3709.409912109375,7097100000
2020-12-21,3694.919921875,4748580000
2020-12-22,3687.260009765625,4053310000
2020-12-23,3690.010009765625,3779160000
2020-12-24,3703.06005859375,1883780000
2020-12-28,3735.360107421875,3535460000
2020-12-29,3727.0400390625,3393290000
2020-12-30,3732.0400390625,3154850000
2020-12-31,3756.070068359375,3179040000
2021-01-04,3700.64990234375,5015000000
2021-01-05,3726.860107421875,4591020000
2021-01-06,3748.139892578125,6064110000
2021-01-07,3803.7900390625,5099160000
2021-01-08,3824.679931640625,4773040000
2021-01-11,3799.610107421875,4465430000
2021-01-12,3801.18994140625,4994950000
2021-01-13,3809.840087890625,4602510000
2021-01-14,3795.5400390625,5198480000
2021-01-15,3768.25,5369820000
2021-01-19,3798.909912109375,5014440000
2021-01-20,3851.85009765625,4566190000
2021-01-21,3853.070068359375,4501760000
2021-01-22,3841.469970703125,5110890000
2021-01-25,3855.360107421875,7000840000
2021-01-26,3849.6201171875,6137500000
2021-01-27,3750.77001953125,9976520000
2021-01-28,3787.3798828125,6992770000
2021-01-29,3714.239990234375,6643370000
2021-02-01,3773.860107421875,5436230000
2021-02-02,3826.31005859375,5514090000
2021-02-03,3830.169921875,4864870000
2021-02-04,3871.739990234375,4879240000
2021-02-05,3886.830078125,4879470000
2021-02-08,3915.590087890625,4648360000
2021-02-09,3911.22998046875,4568320000
2021-02-10,3909.8798828125,4837070000
2021-02-11,3916.3798828125,4590960000
2021-02-12,3934.830078125,4135060000
2021-02-16,3932.590087890625,5058990000
2021-02-17,3931.330078125,4730650000
2021-02-18,3913.969970703125,4793650000
2021-02-19,3906.7099609375,4845320000
2021-02-22,3876.5,5917100000
2021-02-23,3881.3701171875,6296610000
2021-02-24,3925.429931640625,6012790000
2021-02-25,3829.340087890625,6547470000
2021-02-26,3811.14990234375,6526070000
2021-03-01,3901.820068359375,5114820000
2021-03-02,3870.2900390625,5536010000
2021-03-03,3819.719970703125,6173660000
2021-03-04,3768.469970703125,7195400000
2021-03-05,3841.93994140625,6851070000
2021-03-08,3821.35009765625,5871710000
2021-03-09,3875.43994140625,5513560000
2021-03-10,3898.81005859375,5847380000
2021-03-11,3939.340087890625,5312880000
2021-03-12,3943.340087890625,4476280000
2021-03-15,3968.93994140625,4900100000
2021-03-16,3962.7099609375,4613080000
2021-03-17,3974.1201171875,4561660000
2021-03-18,3915.4599609375,5118590000
2021-03-19,3913.10009765625,7757420000
2021-03-22,3940.590087890625,4316260000
2021-03-23,3910.52001953125,4669010000
2021-03-24,3889.139892578125,4783020000
2021-03-25,3909.52001953125,4948340000
2021-03-26,3974.5400390625,5483160000
2021-03-29,3971.090087890625,4628180000
2021-03-30,3958.550048828125,4121510000
2021-03-31,3972.889892578125,4578050000
2021-04-01,4019.8701171875,4162130000
2021-04-05,4077.909912109375,4005030000
2021-04-06,4073.93994140625,4081270000
2021-04-07,4079.949951171875,4120810000
2021-04-08,4097.169921875,3907100000
2021-04-09,4128.7998046875,3640390000
2021-04-12,4127.990234375,3588900000
2021-04-13,4141.58984375,3734720000
2021-04-14,4124.66015625,3985350000
2021-04-15,4170.419921875,4033420000
2021-04-16,4185.47021484375,4163820000
2021-04-19,4163.259765625,3810290000
2021-04-20,4134.93994140625,4342650000
2021-04-21,4173.419921875,3887250000
2021-04-22,4134.97998046875,4245140000
2021-04-23,4180.169921875,3569880000
2021-04-26,4187.6201171875,3748320000
2021-04-27,4186.72021484375,3710700000
2021-04-28,4183.18017578125,3787360000
2021-04-29,4211.47021484375,4298680000
2021-04-30,4181.169921875,4300880000
2021-05-03,4192.66015625,4070220000
2021-05-04,4164.66015625,4452460000
2021-05-05,4167.58984375,4230920000
2021-05-06,4201.6201171875,4511000000
2021-05-07,4232.60009765625,4016080000
2021-05-10,4188.43017578125,4560700000
2021-05-11,4152.10009765625,4870710000
2021-05-12,4063.0400390625,4733070000
2021-05-13,4112.5,4779540000
2021-05-14,4173.85009765625,4008880000
2021-05-17,4163.2900390625,4125050000
2021-05-18,4127.830078125,4398150000
2021-05-19,4115.68017578125,4247450000
2021-05-20,4159.1201171875,3978880000
2021-05-21,4155.85986328125,3995250000
2021-05-24,4197.0498046875,3684800000
2021-05-25,4188.1298828125,4182250000
2021-05-26,4195.990234375,4420890000
2021-05-27,4200.8798828125,6406310000
2021-05-28,4204.10986328125,4649250000
2021-06-01,4202.0400390625,5074670000
2021-06-02,4208.1201171875,5833670000
2021-06-03,4192.85009765625,5587970000
2021-06-04,4229.89013671875,4139790000
2021-06-07,4226.52001953125,4476920000
2021-06-08,4227.259765625,4659620000
2021-06-09,4219.5498046875,4713260000
2021-06-10,4239.18017578125,4408210000
2021-06-11,4247.43994140625,3815010000
2021-06-14,4255.14990234375,4151200000
2021-06-15,4246.58984375,4048940000
2021-06-16,4223.7001953125,4538350000
2021-06-17,4221.85986328125,5312680000
2021-06-18,4166.4501953125,6817010000
2021-06-21,4224.7900390625,4128950000
2021-06-22,4246.43994140625,3828390000
2021-06-23,4241.83984375,3730350000
2021-06-24,4266.490234375,3816660000
2021-06-25,4280.7001953125,7341450000
2021-06-28,4290.60986328125,4147890000
2021-06-29,4291.7998046875,3707150000
2021-06-30,4297.5,4266040000
2021-07-01,4319.93994140625,3788230000
2021-07-02,4352.33984375,3225840000
2021-07-06,4343.5400390625,4309570000
2021-07-07,4358.1298828125,4037380000
2021-07-08,4320.81982421875,4347500000
2021-07-09,4369.5498046875,3531120000
2021-07-12,4384.6298828125,3384460000
2021-07-13,4369.2099609375,3695430000
2021-07-14,4374.2998046875,4006370000
2021-07-15,4360.02978515625,3905230000
2021-07-16,4327.16015625,3985700000
2021-07-19,4258.490234375,5157660000
2021-07-20,4323.06005859375,4438270000
2021-07-21,4358.68994140625,3810280000
2021-07-22,4367.47998046875,3358300000
2021-07-23,4411.7900390625,4540070000
2021-07-26,4422.2998046875,4275630000
2021-07-27,4401.4599609375,4241950000
2021-07-28,4400.64013671875,4215290000
2021-07-29,4419.14990234375,4044600000
2021-07-30,4395.259765625,3956740000
2021-08-02,4387.16015625,3724090000
2021-08-03,4423.14990234375,3965190000
2021-08-04,4402.66015625,4260760000
2021-08-05,4429.10009765625,3769410000
2021-08-06,4436.52001953125,3451870000
2021-08-09,4432.35009765625,3449280000
2021-08-10,4436.75,3886610000
2021-08-11,4442.41015625,3532560000
2021-08-12,4460.830078125,3375310000
2021-08-13,4468.0,3016470000
2021-08-16,4479.7099609375,3370640000
2021-08-17,4448.080078125,3836960000
2021-08-18,4400.27001953125,3755590000
2021-08-19,4405.7998046875,4398410000
2021-08-20,4441.669921875,3652610000
2021-08-23,4479.52978515625,3576530000
2021-08-24,4486.22998046875,3979220000
2021-08-25,4496.18994140625,3444700000
2021-08-26,4470.0,3263980000
2021-08-27,4509.3701171875,3331200000
2021-08-30,4528.7900390625,3168660000
2021-08-31,4522.68017578125,4290710000
2021-09-01,4524.08984375,4057340000
2021-09-02,4536.9501953125,3735990000
2021-09-03,4535.43017578125,3217530000
2021-09-07,4520.02978515625,3822960000
2021-09-08,4514.06982421875,3750880000
2021-09-09,4493.27978515625,3735390000
2021-09-10,4458.580078125,3623180000
2021-09-13,4468.72998046875,3914220000
2021-09-14,4443.0498046875,3670460000
2021-09-15,4480.7001953125,4032020000
2021-09-16,4473.75,3984560000
2021-09-17,4432.990234375,7289530000
2021-09-20,4357.72998046875,4898070000
2021-09-21,4354.18994140625,3920920000
2021-09-22,4395.64013671875,3939170000
2021-09-23,4448.97998046875,3916350000
2021-09-24,4455.47998046875,3384290000
2021-09-27,4443.10986328125,4058650000
2021-09-28,4352.6298828125,4416550000
2021-09-29,4359.4599609375,3712660000
2021-09-30,4307.5400390625,4448140000
2021-10-01,4357.0400390625,4010370000
2021-10-04,4300.4599609375,4307870000
2021-10-05,4345.72021484375,3902890000
2021-10-06,4363.5498046875,4009630000
2021-10-07,4399.759765625,3843740000
2021-10-08,4391.33984375,3280160000
2021-10-11,4361.18994140625,3281970000
2021-10-12,4350.64990234375,3558450000
2021-10-13,4363.7998046875,3620070000
2021-10-14,4438.259765625,3598280000
2021-10-15,4471.3701171875,3819380000
2021-10-18,4486.4599609375,3662010000
2021-10-19,4519.6298828125,3459130000
2021-10-20,4536.18994140625,3670760000
2021-10-21,4549.77978515625,3822330000
2021-10-22,4544.89990234375,3758220000
2021-10-25,4566.47998046875,3899400000
2021-10-26,4574.7900390625,3879740000
2021-10-27,4551.68017578125,4226050000
2021-10-28,4596.419921875,4132950000
2021-10-29,4605.3798828125,4510200000
2021-11-01,4613.669921875,3971540000
2021-11-02,4630.64990234375,3975250000
2021-11-03,4660.56982421875,4319660000
2021-11-04,4680.06005859375,4462300000
2021-11-05,4697.52978515625,4467180000
2021-11-08,4701.7001953125,4269710000
2021-11-09,4685.25,4117080000
2021-11-10,4646.7099609375,4503720000
2021-11-11,4649.27001953125,3926870000
2021-11-12,4682.85009765625,3728600000
2021-11-15,4682.7998046875,3488410000
2021-11-16,4700.89990234375,3972640000
2021-11-17,4688.669921875,3969070000
2021-11-18,4704.5400390625,4226410000
2021-11-19,4697.9599609375,4253180000
2021-11-22,4682.93994140625,4441100000
2021-11-23,4690.7001953125,4277590000
2021-11-24,4701.4599609375,3418430000
2021-11-26,4594.6201171875,3517700000
2021-11-29,4655.27001953125,4336410000
2021-11-30,4567.0,6625990000
2021-12-01,4513.0400390625,5366730000
2021-12-02,4577.10009765625,5077180000
2021-12-03,4538.43017578125,5240070000
2021-12-06,4591.669921875,4770800000
2021-12-07,4686.75,4492400000
2021-12-08,4701.2099609375,4234600000
2021-12-09,4667.4501953125,3903840000
2021-12-10,4712.02001953125,3870110000
2021-12-13,4668.97021484375,4397230000
2021-12-14,4634.08984375,4485430000
2021-12-15,4709.85009765625,4910130000
2021-12-16,4668.669921875,4829500000
2021-12-17,4620.64013671875,7987090000
2021-12-20,4568.02001953125,4635700000
2021-12-21,4649.22998046875,4072430000
2021-12-22,4696.56005859375,3319610000
2021-12-23,4725.7900390625,2913040000
2021-12-27,4791.18994140625,2770290000
2021-12-28,4786.35009765625,2707920000
2021-12-29,4793.06005859375,2963310000
2021-12-30,4778.72998046875,3124950000
2021-12-31,4766.18017578125,2677820000
2022-01-03,4796.56005859375,3831020000
2022-01-04,4793.5400390625,4683170000
2022-01-05,4700.580078125,4887960000
2022-01-06,4696.0498046875,4295280000
2022-01-07,4677.02978515625,4181510000
2022-01-10,4670.2900390625,4511810000
2022-01-11,4713.06982421875,4101590000
2022-01-12,4726.35009765625,4048220000
2022-01-13,4659.02978515625,4251730000
2022-01-14,4662.85009765625,4338490000
2022-01-18,4577.10986328125,4748700000
2022-01-19,4532.759765625,4465740000
2022-01-20,4482.72998046875,4640870000
2022-01-21,4397.93994140625,5589100000
2022-01-24,4410.1298828125,6928110000
2022-01-25,4356.4501953125,5145050000
2022-01-26,4349.93017578125,5570640000
2022-01-27,4326.509765625,5214200000
2022-01-28,4431.85009765625,5031090000
2022-01-31,4515.5498046875,5098610000
2022-02-01,4546.5400390625,4816830000
2022-02-02,4589.3798828125,4481580000
2022-02-03,4477.43994140625,4401970000
2022-02-04,4500.52978515625,4706290000
2022-02-07,4483.8701171875,4228480000
2022-02-08,4521.5400390625,4459620000
2022-02-09,4587.18017578125,4524350000
2022-02-10,4504.080078125,5314860000
2022-02-11,4418.64013671875,5251500000
2022-02-14,4401.669921875,4600390000
2022-02-15,4471.06982421875,4430830000
2022-02-16,4475.009765625,4283640000
2022-02-17,4380.259765625,4539420000
2022-02-18,4348.8701171875,4708060000
2022-02-22,4304.759765625,5121900000
2022-02-23,4225.5,4797430000
2022-02-24,4288.7001953125,6752130000
2022-02-25,4384.64990234375,5177060000
2022-02-28,4373.93994140625,6071370000
2022-03-01,4306.259765625,5846230000
2022-03-02,4386.5400390625,5337870000
2022-03-03,4363.490234375,5039890000
2022-03-04,4328.8701171875,5797380000
2022-03-07,4201.08984375,6940470000
2022-03-08,4170.7001953125,7243120000
2022-03-09,4277.8798828125,5662670000
2022-03-10,4259.52001953125,4980830000
2022-03-11,4204.31005859375,4938640000
2022-03-14,4173.10986328125,5574920000
2022-03-15,4262.4501953125,5392470000
2022-03-16,4357.85986328125,6309750000
2022-03-17,4411.669921875,4985090000
2022-03-18,4463.1201171875,8278430000
2022-03-21,4461.18017578125,4869820000
2022-03-22,4511.60986328125,4754840000
2022-03-23,4456.240234375,4550670000
2022-03-24,4520.16015625,4131390000
2022-03-25,4543.06005859375,4305020000
2022-03-28,4575.52001953125,4312260000
2022-03-29,4631.60009765625,5085910000
2022-03-30,4602.4501953125,4385570000
2022-03-31,4530.41015625,4823020000
2022-04-01,4545.85986328125,4562940000
2022-04-04,4582.64013671875,4547350000
2022-04-05,4525.1201171875,4800620000
2022-04-06,4481.14990234375,4986830000
2022-04-07,4500.2099609375,4821490000
2022-04-08,4488.27978515625,4083200000
2022-04-11,4412.52978515625,4266290000
2022-04-12,4397.4501953125,4152090000
2022-04-13,4446.58984375,3828150000
2022-04-14,4392.58984375,4083090000
2022-04-18,4391.68994140625,3910490000
2022-04-19,4462.2099609375,4108120000
2022-04-20,4459.4501953125,4290450000
2022-04-21,4393.66015625,4636890000
2022-04-22,4271.77978515625,4651940000
2022-04-25,4296.1201171875,5240040000
2022-04-26,4175.2001953125,4689970000
2022-04-27,4183.9599609375,4769680000
2022-04-28,4287.5,4854180000
2022-04-29,4131.93017578125,5084030000
2022-05-02,4155.3798828125,5163790000
2022-05-03,4175.47998046875,4582050000
2022-05-04,4300.169921875,5136360000
2022-05-05,4146.8701171875,5077030000
2022-05-06,4123.33984375,5116940000
2022-05-09,3991.239990234375,5954520000
2022-05-10,4001.050048828125,5885820000
2022-05-11,3935.179931640625,5816140000
2022-05-12,3930.080078125,6286450000
2022-05-13,4023.889892578125,5183340000
2022-05-16,4008.010009765625,4415030000
2022-05-17,4088.85009765625,4841410000
2022-05-18,3923.679931640625,5103220000
2022-05-19,3900.7900390625,5113550000
2022-05-20,3901.360107421875,5130730000
2022-05-23,3973.75,4420030000
2022-05-24,3941.47998046875,4923190000
2022-05-25,3978.72998046875,4802560000
2022-05-26,4057.840087890625,4709970000
2022-05-27,4158.240234375,4375620000
2022-05-31,4132.14990234375,6822640000
2022-06-01,4101.22998046875,4531800000
2022-06-02,4176.81982421875,4405790000
2022-06-03,4108.5400390625,3711110000
2022-06-06,4121.43017578125,4332700000
2022-06-07,4160.68017578125,4248210000
2022-06-08,4115.77001953125,4159470000
2022-06-09,4017.820068359375,4134170000
2022-06-10,3900.860107421875,4889640000
2022-06-13,3749.6298828125,5636890000
2022-06-14,3735.47998046875,5153890000
2022-06-15,3789.989990234375,5530480000
2022-06-16,3666.77001953125,5644930000
2022-06-17,3674.840087890625,8520740000
2022-06-21,3764.7900390625,5292260000
2022-06-22,3759.889892578125,5058990000
2022-06-23,3795.72998046875,5098640000
2022-06-24,3911.739990234375,8120260000
2022-06-27,3900.110107421875,4325310000
2022-06-28,3821.550048828125,4270120000
2022-06-29,3818.830078125,4211240000
2022-06-30,3785.3798828125,4840070000
2022-07-01,3825.330078125,4046950000
2022-07-05,3831.389892578125,5076590000
2022-07-06,3845.080078125,4417720000
2022-07-07,3902.6201171875,4057770000
2022-07-08,3899.3798828125,3521620000
2022-07-11,3854.429931640625,3423480000
2022-07-12,3818.800048828125,3817210000
2022-07-13,3801.780029296875,4109390000
2022-07-14,3790.3798828125,4199690000
2022-07-15,3863.159912109375,4143800000
2022-07-18,3830.85009765625,4046870000
2022-07-19,3936.68994140625,4041070000
2022-07-20,3959.89990234375,4185300000
2022-07-21,3998.949951171875,4132790000
2022-07-22,3961.6298828125,3979240000
2022-07-25,3966.840087890625,3568340000
2022-07-26,3921.050048828125,3778950000
2022-07-27,4023.610107421875,4112180000
2022-07-28,4072.429931640625,4413000000
2022-07-29,4130.2900390625,4616360000
2022-08-01,4118.6298828125,4202810000
2022-08-02,4091.18994140625,4727710000
2022-08-03,4155.169921875,4351760000
2022-08-04,4151.93994140625,4283320000
2022-08-05,4145.18994140625,4085940000
2022-08-08,4140.06005859375,4221090000
2022-08-09,4122.47021484375,3913090000
2022-08-10,4210.240234375,4546010000
2022-08-11,4207.27001953125,4630200000
2022-08-12,4280.14990234375,3788010000
2022-08-15,4297.14013671875,3696830000
2022-08-16,4305.2001953125,4329820000
2022-08-17,4274.0400390625,3885030000
2022-08-18,4283.740234375,3340330000
2022-08-19,4228.47998046875,3761340000
2022-08-22,4137.990234375,3907430000
2022-08-23,4128.72998046875,3823520000
2022-08-24,4140.77001953125,3583630000
2022-08-25,4199.1201171875,3566870000
2022-08-26,4057.659912109375,3832750000
2022-08-29,4030.610107421875,3396510000
2022-08-30,3986.159912109375,3835860000
2022-08-31,3955.0,4542490000
2022-09-01,3966.85009765625,4152250000
2022-09-02,3924.260009765625,3665850000
2022-09-06,3908.18994140625,4127340000
2022-09-07,3979.8701171875,3890320000
2022-09-08,4006.179931640625,3966850000
2022-09-09,4067.360107421875,3901940000
2022-09-12,4110.41015625,3814200000
2022-09-13,3932.68994140625,4224550000
2022-09-14,3946.010009765625,4293240000
2022-09-15,3901.35009765625,4441830000
2022-09-16,3873.330078125,7954650000
2022-09-19,3899.889892578125,3766850000
2022-09-20,3855.929931640625,4058050000
2022-09-21,3789.929931640625,4078330000
2022-09-22,3757.989990234375,4284600000
2022-09-23,3693.22998046875,5144270000
2022-09-26,3655.0400390625,4886140000
2022-09-27,3647.2900390625,4577740000
2022-09-28,3719.0400390625,4684850000
2022-09-29,3640.469970703125,4681810000
2022-09-30,3585.6201171875,5645360000
2022-10-03,3678.429931640625,4806680000
2022-10-04,3790.929931640625,5146580000
2022-10-05,3783.280029296875,4293180000
2022-10-06,3744.52001953125,4252100000
2022-10-07,3639.659912109375,4449660000
2022-10-10,3612.389892578125,3834320000
2022-10-11,3588.840087890625,4759030000
2022-10-12,3577.030029296875,4006830000
2022-10-13,3669.909912109375,5021680000
2022-10-14,3583.070068359375,4243030000
2022-10-17,3677.949951171875,4352780000
2022-10-18,3719.97998046875,4483740000
2022-10-19,3695.159912109375,4223800000
2022-10-20,3665.780029296875,4496620000
2022-10-21,3752.75,5078020000
2022-10-24,3797.340087890625,4747930000
2022-10-25,3859.110107421875,4843120000
2022-10-26,3830.60009765625,4817310000
2022-10-27,3807.300048828125,4687320000
2022-10-28,3901.06005859375,4459410000
2022-10-31,3871.97998046875,4820620000
2022-11-01,3856.10009765625,4481210000
2022-11-02,3759.68994140625,4899000000
2022-11-03,3719.889892578125,4625290000
2022-11-04,3770.550048828125,5400180000
2022-11-07,3806.800048828125,4341620000
2022-11-08,3828.110107421875,4607640000
2022-11-09,3748.570068359375,4645010000
2022-11-10,3956.3701171875,5781260000
2022-11-11,3992.929931640625,5593310000
2022-11-14,3957.25,4561930000
2022-11-15,3991.72998046875,5015310000
2022-11-16,3958.7900390625,4165320000
2022-11-17,3946.56005859375,4051780000
2022-11-18,3965.340087890625,4037360000
2022-11-21,3949.93994140625,3850690000
2022-11-22,4003.580078125,3887990000
2022-11-23,4027.260009765625,3279720000
2022-11-25,4026.1201171875,1706460000
2022-11-28,3963.93994140625,3615430000
2022-11-29,3957.6298828125,3546040000
2022-11-30,4080.110107421875,6579360000
2022-12-01,4076.570068359375,4527130000
2022-12-02,4071.699951171875,4012620000
2022-12-05,3998.840087890625,4280820000
2022-12-06,3941.260009765625,4368380000
2022-12-07,3933.919921875,4118050000
2022-12-08,3963.510009765625,4006900000
2022-12-09,3934.3798828125,3888260000
2022-12-12,3990.56005859375,3904130000
2022-12-13,4019.64990234375,5079360000
2022-12-14,3995.320068359375,4472340000
2022-12-15,3895.75,4493900000
2022-12-16,3852.360107421875,7493660000
2022-12-19,3817.659912109375,3969610000
2022-12-20,3821.6201171875,3985370000
2022-12-21,3878.43994140625,3775200000
2022-12-22,3822.389892578125,3956950000
2022-12-23,3844.820068359375,2819280000
2022-12-27,3829.25,3030300000
2022-12-28,3783.219970703125,3083520000
2022-12-29,3849.280029296875,3003680000
2022-12-30,3839.5,2979870000
2023-01-03,3824.139892578125,3959140000
2023-01-04,3852.969970703125,4414080000
2023-01-05,3808.10009765625,3893450000
2023-01-06,3895.080078125,3923560000
2023-01-09,3892.090087890625,4311770000
2023-01-10,3919.25,3851030000
2023-01-11,3969.610107421875,4303360000
2023-01-12,3983.169921875,4440260000
2023-01-13,3999.090087890625,3939700000
2023-01-17,3990.969970703125,4235560000
2023-01-18,3928.860107421875,4298710000
2023-01-19,3898.85009765625,3991500000
2023-01-20,3972.610107421875,4013360000
2023-01-23,4019.81005859375,3945210000
2023-01-24,4016.949951171875,3320430000
2023-01-25,4016.219970703125,3724020000
2023-01-26,4060.429931640625,3809590000
2023-01-27,4070.56005859375,3907760000
2023-01-30,4017.77001953125,3802000000
2023-01-31,4076.60009765625,4679320000
2023-02-01,4119.2099609375,4856930000
2023-02-02,4179.759765625,5624360000
2023-02-03,4136.47998046875,4694510000
2023-02-06,4111.080078125,4114240000
2023-02-07,4164.0,4355860000
2023-02-08,4117.85986328125,4029820000
2023-02-09,4081.5,4270200000
2023-02-10,4090.4599609375,3891520000
2023-02-13,4137.2900390625,3448620000
2023-02-14,4136.1298828125,3929200000
2023-02-15,4147.60009765625,4075980000
2023-02-16,4090.409912109375,4143660000
2023-02-17,4079.090087890625,4045480000
2023-02-21,3997.340087890625,4121590000
2023-02-22,3991.050048828125,4079320000
2023-02-23,4012.320068359375,3952940000
2023-02-24,3970.0400390625,3877700000
2023-02-27,3982.239990234375,3836950000
2023-02-28,3970.14990234375,5043400000
2023-03-01,3951.389892578125,4249480000
2023-03-02,3981.35009765625,4244900000
2023-03-03,4045.639892578125,4084730000
2023-03-06,4048.419921875,4000870000
2023-03-07,3986.3701171875,3922500000
2023-03-08,3992.010009765625,3535570000
2023-03-09,3918.320068359375,4445260000
2023-03-10,3861.590087890625,5518190000
2023-03-13,3855.760009765625,6558020000
2023-03-14,3919.2900390625,5665870000
2023-03-15,3891.929931640625,6594010000
2023-03-16,3960.280029296875,5695790000
2023-03-17,3916.639892578125,9354280000
2023-03-20,3951.570068359375,5347140000
2023-03-21,4002.8701171875,4920240000
2023-03-22,3936.969970703125,4533010000
2023-03-23,3948.719970703125,4991600000
2023-03-24,3970.989990234375,4583970000
2023-03-27,3977.530029296875,4233540000
2023-03-28,3971.27001953125,4014600000
2023-03-29,4027.81005859375,4145250000
2023-03-30,4050.830078125,3930860000
2023-03-31,4109.31005859375,4525120000
2023-04-03,4124.509765625,4234700000
2023-04-04,4100.60009765625,4227800000
2023-04-05,4090.3798828125,3968020000
2023-04-06,4105.02001953125,3486690000
2023-04-10,4109.10986328125,3423650000
2023-04-11,4108.93994140625,3665830000
2023-04-12,4091.949951171875,3633120000
2023-04-13,4146.22021484375,3596590000
2023-04-14,4137.64013671875,3575690000
2023-04-17,4151.31982421875,3611180000
2023-04-18,4154.8701171875,3536640000
2023-04-19,4154.52001953125,3572560000
2023-04-20,4129.7900390625,3772080000
2023-04-21,4133.52001953125,3611750000
2023-04-24,4137.0400390625,3290940000
2023-04-25,4071.6298828125,3978640000
2023-04-26,4055.989990234375,3837030000
2023-04-27,4135.35009765625,3750550000
2023-04-28,4169.47998046875,4087800000
2023-05-01,4167.8701171875,3321370000
2023-05-02,4119.580078125,4486130000
2023-05-03,4090.75,4246510000
2023-05-04,4061.219970703125,4920090000
2023-05-05,4136.25,4186270000
2023-05-08,4138.1201171875,3641640000
2023-05-09,4119.169921875,3810140000
2023-05-10,4137.64013671875,4057160000
2023-05-11,4130.6201171875,3752900000
2023-05-12,4124.080078125,3533740000
2023-05-15,4136.27978515625,3562170000
2023-05-16,4109.89990234375,3654200000
2023-05-17,4158.77001953125,4039080000
2023-05-18,4198.0498046875,3980500000
2023-05-19,4191.97998046875,4041900000
2023-05-22,4192.6298828125,3728520000
2023-05-23,4145.580078125,4155320000
2023-05-24,4115.240234375,0
2023-05-25,4151.27978515625,4147760000
2023-05-26,4205.4501953125,3715460000
2023-05-30,4205.52001953125,4228510000
2023-05-31,4179.830078125,5980670000
2023-06-01,4221.02001953125,4391860000
2023-06-02,4282.3701171875,4454200000
2023-06-05,4273.7900390625,3813290000
2023-06-06,4283.85009765625,3996560000
2023-06-07,4267.52001953125,4537800000
2023-06-08,4293.93017578125,3826740000
2023-06-09,4298.85986328125,3786510000
2023-06-12,4338.93017578125,3945670000
2023-06-13,4369.009765625,4275400000
2023-06-14,4372.58984375,4252110000
2023-06-15,4425.83984375,4176690000
2023-06-16,4409.58984375,6848600000
2023-06-20,4388.7099609375,4055790000
2023-06-21,4365.68994140625,3709330000
2023-06-22,4381.89013671875,3511000000
2023-06-23,4348.330078125,6053620000
2023-06-26,4328.81982421875,3415030000
2023-06-27,4378.41015625,3573500000
2023-06-28,4376.85986328125,3739330000
2023-06-29,4396.43994140625,3696660000
2023-06-30,4450.3798828125,3923450000
2023-07-03,4455.58984375,2034280000
2023-07-05,4446.81982421875,3482620000
2023-07-06,4411.58984375,3682020000
2023-07-07,4398.9501953125,3630480000
2023-07-10,4409.52978515625,3429600000
2023-07-11,4439.259765625,3624220000
2023-07-12,4472.16015625,3920290000
2023-07-13,4510.0400390625,3839530000
2023-07-14,4505.419921875,3647450000
2023-07-17,4522.7900390625,3538240000
2023-07-18,4554.97998046875,4090010000
2023-07-19,4565.72021484375,4115670000
2023-07-20,4534.8701171875,3761770000
2023-07-21,4536.33984375,3570190000
2023-07-24,4554.64013671875,3856250000
2023-07-25,4567.4599609375,3812470000
2023-07-26,4566.75,3990290000
2023-07-27,4537.41015625,4553210000
2023-07-28,4582.22998046875,3981010000
2023-07-31,4588.9599609375,4503600000
2023-08-01,4576.72998046875,4042370000
2023-08-02,4513.39013671875,4270710000
2023-08-03,4501.89013671875,4149120000
2023-08-04,4478.02978515625,4143310000
2023-08-07,4518.43994140625,3493920000
2023-08-08,4499.3798828125,3884910000
2023-08-09,4467.7099609375,3803100000
2023-08-10,4468.830078125,4504370000
2023-08-11,4464.0498046875,3753290000
2023-08-14,4489.72021484375,3896410000
2023-08-15,4437.85986328125,3832250000
2023-08-16,4404.330078125,3753910000
2023-08-17,4370.35986328125,3943700000
2023-08-18,4369.7099609375,3940400000
2023-08-21,4399.77001953125,3726850000
2023-08-22,4387.5498046875,3522760000
2023-08-23,4436.009765625,3837270000
2023-08-24,4376.31005859375,3723470000
2023-08-25,4405.7099609375,3296180000
2023-08-28,4433.31005859375,2957230000
2023-08-29,4497.6298828125,3354820000
2023-08-30,4514.8701171875,3064110000
2023-08-31,4507.66015625,3946360000
2023-09-01,4515.77001953125,3246260000
2023-09-05,4496.830078125,3526250000
2023-09-06,4465.47998046875,3418850000
2023-09-07,4451.14013671875,3763760000
2023-09-08,4457.490234375,3259290000
2023-09-11,4487.4599609375,3369920000
2023-09-12,4461.89990234375,3435740000
2023-09-13,4467.43994140625,3529430000
2023-09-14,4505.10009765625,3648720000
2023-09-15,4450.31982421875,6932230000
2023-09-18,4453.52978515625,3161230000
2023-09-19,4443.9501953125,3614880000
2023-09-20,4402.2001953125,3308450000
2023-09-21,4330.0,3662340000
2023-09-22,4320.06005859375,3349570000
2023-09-25,4337.43994140625,3195650000
2023-09-26,4273.52978515625,3472340000
2023-09-27,4274.509765625,3875880000
2023-09-28,4299.7001953125,3846230000
2023-09-29,4288.0498046875,3865960000
2023-10-02,4288.39013671875,3938660000
2023-10-03,4229.4501953125,3953830000
2023-10-04,4263.75,3777600000
2023-10-05,4258.18994140625,3581470000
2023-10-06,4308.5,3902030000
2023-10-09,4335.66015625,3174630000
2023-10-10,4358.240234375,3520240000
2023-10-11,4376.9501953125,3601660000
2023-10-12,4349.60986328125,3713140000
2023-10-13,4327.77978515625,3566560000
2023-10-16,4373.6298828125,3409960000
2023-10-17,4373.2001953125,3794850000
2023-10-18,4314.60009765625,3686030000
2023-10-19,4278.0,3969730000
2023-10-20,4224.16015625,4004030000
2023-10-23,4217.0400390625,3776100000
2023-10-24,4247.68017578125,3821820000
2023-10-25,4186.77001953125,3869370000
2023-10-26,4137.22998046875,4277640000
2023-10-27,4117.3701171875,4019500000
2023-10-30,4166.81982421875,3911140000
2023-10-31,4193.7998046875,4249470000
2023-11-01,4237.85986328125,4224900000
2023-11-02,4317.77978515625,4669780000
2023-11-03,4358.33984375,4570960000
2023-11-06,4365.97998046875,3656340000
2023-11-07,4378.3798828125,3791230000
2023-11-08,4382.77978515625,3729510000
2023-11-09,4347.35009765625,3900780000
2023-11-10,4415.240234375,3665080000
2023-11-13,4411.5498046875,3326240000
2023-11-14,4495.7001953125,4700350000
2023-11-15,4502.8798828125,4347170000
2023-11-16,4508.240234375,3964520000
2023-11-17,4514.02001953125,3777240000
2023-11-20,4547.3798828125,3644790000
2023-11-21,4538.18994140625,3511080000
2023-11-22,4556.6201171875,3042810000
2023-11-24,4559.33984375,1639500000
2023-11-27,4550.43017578125,3403990000
2023-11-28,4554.89013671875,3586240000
2023-11-29,4550.580078125,4418760000
2023-11-30,4567.7998046875,5399300000
2023-12-01,4594.6298828125,4397120000
2023-12-04,4569.77978515625,4369910000
2023-12-05,4567.18017578125,3909950000
2023-12-06,4549.33984375,4245680000
2023-12-07,4585.58984375,3818880000
2023-12-08,4604.3701171875,3707010000
2023-12-11,4622.43994140625,3823210000
2023-12-12,4643.7001953125,3808380000
2023-12-13,4707.08984375,5063650000
2023-12-14,4719.5498046875,6314040000
2023-12-15,4719.18994140625,8218980000
2023-12-18,4740.56005859375,4060340000
2023-12-19,4768.3701171875,4026970000
2023-12-20,4698.35009765625,4201320000
2023-12-21,4746.75,3431180000
2023-12-22,4754.6298828125,3046770000
2023-12-26,4774.75,2513910000
2023-12-27,4781.580078125,2748450000
2023-12-28,4783.35009765625,2698860000
2023-12-29,4769.830078125,3126060000
2024-01-02,4742.830078125,3743050000
2024-01-03,4704.81005859375,3950760000
2024-01-04,4688.68017578125,3715480000
2024-01-05,4697.240234375,3844370000
2024-01-08,4763.5400390625,3742320000
2024-01-09,4756.5,3529960000
2024-01-10,4783.4501953125,3498680000
2024-01-11,4780.240234375,3759890000
2024-01-12,4783.830078125,3486340000
2024-01-16,4765.97998046875,4260550000
2024-01-17,4739.2099609375,3928600000
2024-01-18,4780.93994140625,4019000000
2024-01-19,4839.81005859375,4287200000
2024-01-22,4850.43017578125,4297610000
2024-01-23,4864.60009765625,3912800000
2024-01-24,4868.5498046875,4330030000
2024-01-25,4894.16015625,4020430000
2024-01-26,4890.97021484375,3353400000
2024-01-29,4927.93017578125,3525160000
2024-01-30,4924.97021484375,3836130000
2024-01-31,4845.64990234375,4696120000
2024-02-01,4906.18994140625,4386090000
2024-02-02,4958.60986328125,3974350000
2024-02-05,4942.81005859375,4023640000
2024-02-06,4954.22998046875,4440880000
2024-02-07,4995.06005859375,4895590000
2024-02-08,4997.91015625,4341860000
2024-02-09,5026.60986328125,3912990000
2024-02-12,5021.83984375,3805740000
2024-02-13,4953.169921875,4302190000
2024-02-14,5000.6201171875,3845600000
2024-02-15,5029.72998046875,4137970000
2024-02-16,5005.56982421875,3833270000
2024-02-20,4975.509765625,4034880000
2024-02-21,4981.7998046875,3788390000
2024-02-22,5087.02978515625,4051710000
2024-02-23,5088.7998046875,3672790000
2024-02-26,5069.52978515625,3683930000
2024-02-27,5078.18017578125,3925950000
2024-02-28,5069.759765625,3789370000
2024-02-29,5096.27001953125,5219740000
2024-03-01,5137.080078125,4748110000
2024-03-04,5130.9501953125,4758440000
2024-03-05,5078.64990234375,4418410000
2024-03-06,5104.759765625,4559050000
2024-03-07,5157.35986328125,4137980000
2024-03-08,5123.68994140625,4208870000
2024-03-11,5117.93994140625,3896430000
2024-03-12,5175.27001953125,4080510000
2024-03-13,5165.31005859375,4282890000
2024-03-14,5150.47998046875,4687970000
2024-03-15,5117.08984375,7753670000
2024-03-18,5149.419921875,4036220000
2024-03-19,5178.509765625,4031760000
2024-03-20,5224.6201171875,4064850000
2024-03-21,5241.52978515625,4207730000
2024-03-22,5234.18017578125,3374700000
2024-03-25,5218.18994140625,3331360000
2024-03-26,5203.580078125,3871790000
2024-03-27,5248.490234375,3850500000
2024-03-28,5254.35009765625,3998270000
2024-04-01,5243.77001953125,3325930000
2024-04-02,5205.81005859375,3886590000
2024-04-03,5211.490234375,3703250000
2024-04-04,5147.2099609375,4075680000
2024-04-05,5204.33984375,3386780000
2024-04-08,5202.39013671875,3278180000
2024-04-09,5209.91015625,3400680000
2024-04-10,5160.64013671875,3845930000
2024-04-11,5199.06005859375,3509380000
2024-04-12,5123.41015625,3963220000
2024-04-15,5061.81982421875,3950210000
2024-04-16,5051.41015625,4006200000
2024-04-17,5022.2099609375,3596130000
2024-04-18,5011.1201171875,3619760000
2024-04-19,4967.22998046875,3878750000
2024-04-22,5010.60009765625,3820250000
2024-04-23,5070.5498046875,3751400000
2024-04-24,5071.6298828125,3656740000
2024-04-25,5048.419921875,3958050000
2024-04-26,5099.9599609375,3604140000
2024-04-29,5116.169921875,3447450000
2024-04-30,5035.68994140625,4082470000
2024-05-01,5018.39013671875,4544170000
2024-05-02,5064.2001953125,4381660000
2024-05-03,5127.7900390625,3924990000
2024-05-06,5180.740234375,3683250000
2024-05-07,5187.7001953125,3987890000
2024-05-08,5187.669921875,3842100000
2024-05-09,5214.080078125,3727370000
2024-05-10,5222.68017578125,3617900000
2024-05-13,5221.419921875,4255710000
2024-05-14,5246.68017578125,4763580000
2024-05-15,5308.14990234375,4360810000
2024-05-16,5297.10009765625,3817470000
2024-05-17,5303.27001953125,3578120000
2024-05-20,5308.1298828125,3420100000
2024-05-21,5321.41015625,3662240000
2024-05-22,5307.009765625,3847130000
2024-05-23,5267.83984375,3869520000
2024-05-24,5304.72021484375,3005510000
2024-05-28,5306.0400390625,3751540000
2024-05-29,5266.9501953125,3552750000
2024-05-30,5235.47998046875,3818750000
2024-05-31,5277.509765625,5437160000
2024-06-03,5283.39990234375,4046920000
2024-06-04,5291.33984375,3707900000
2024-06-05,5354.02978515625,3591460000
2024-06-06,5352.9599609375,3609990000
2024-06-07,5346.990234375,3692760000
2024-06-10,5360.7900390625,3622280000
2024-06-11,5375.31982421875,3568030000
2024-06-12,5421.02978515625,3962840000
2024-06-13,5433.740234375,3530380000
2024-06-14,5431.60009765625,3438650000
2024-06-17,5473.22998046875,3447840000
2024-06-18,5487.02978515625,3544330000
2024-06-20,5473.169921875,3847060000
2024-06-21,5464.6201171875,6773800000
2024-06-24,5447.8701171875,3696750000
2024-06-25,5469.2998046875,3591960000
2024-06-26,5477.89990234375,3563920000
2024-06-27,5482.8701171875,3589530000
2024-06-28,5460.47998046875,7199220000
2024-07-01,5475.08984375,3488760000
2024-07-02,5509.009765625,3329950000
2024-07-03,5537.02001953125,2179470000
2024-07-05,5567.18994140625,3253080000
2024-07-08,5572.85009765625,3185670000
2024-07-09,5576.97998046875,3232920000
2024-07-10,5633.91015625,3336100000
2024-07-11,5584.5400390625,4020950000
2024-07-12,5615.35009765625,3700280000
2024-07-15,5631.22021484375,3620470000
2024-07-16,5667.2001953125,4041760000
2024-07-17,5588.27001953125,4246450000
2024-07-18,5544.58984375,4007510000
2024-07-19,5505.0,3760570000
2024-07-22,5564.41015625,3375180000
2024-07-23,5555.740234375,3500210000
2024-07-24,5427.1298828125,3945550000
2024-07-25,5399.22021484375,4592120000
2024-07-26,5459.10009765625,3638770000
2024-07-29,5463.5400390625,3379970000
2024-07-30,5436.43994140625,3777740000
2024-07-31,5522.2998046875,4546910000
2024-08-01,5446.68017578125,4703620000
2024-08-02,5346.56005859375,5156450000
2024-08-05,5186.330078125,5333250000
2024-08-06,5240.02978515625,4690190000
2024-08-07,5199.5,4558260000
2024-08-08,5319.31005859375,4016830000
2024-08-09,5344.16015625,3516400000
2024-08-12,5344.39013671875,3360160000
2024-08-13,5434.43017578125,3648980000
2024-08-14,5455.2099609375,3380050000
2024-08-15,5543.22021484375,3723310000
2024-08-16,5554.25,3357690000
2024-08-19,5608.25,3222050000
2024-08-20,5597.1201171875,2994420000
2024-08-21,5620.85009765625,3119670000
2024-08-22,5570.64013671875,2981530000
2024-08-23,5634.60986328125,3291940000
2024-08-26,5616.83984375,2938570000
2024-08-27,5625.7998046875,2798990000
2024-08-28,5592.18017578125,3053450000
2024-08-29,5591.9599609375,3065640000
2024-08-30,5648.39990234375,4185850000
2024-09-03,5528.93017578125,3866350000
2024-09-04,5520.06982421875,3478140000
2024-09-05,5503.41015625,3521650000
2024-09-06,5408.419921875,3822800000
2024-09-09,5471.0498046875,3825940000
2024-09-10,5495.52001953125,3848180000
2024-09-11,5554.1298828125,3839450000
2024-09-12,5595.759765625,3655070000
2024-09-13,5626.02001953125,3500790000
2024-09-16,5633.08984375,3437070000
2024-09-17,5634.580078125,3443600000
2024-09-18,5618.259765625,3691390000
2024-09-19,5713.64013671875,4024530000
2024-09-20,5702.5498046875,7867260000
2024-09-23,5718.56982421875,3529550000
2024-09-24,5732.93017578125,3872710000
2024-09-25,5722.259765625,3624910000
2024-09-26,5745.3701171875,4391180000
2024-09-27,5738.169921875,3898530000
2024-09-30,5762.47998046875,4425730000
2024-10-01,5708.75,4025180000
2024-10-02,5709.5400390625,3829050000
2024-10-03,5699.93994140625,3597450000
2024-10-04,5751.06982421875,3479400000
2024-10-07,5695.93994140625,3637790000
2024-10-08,5751.1298828125,3393400000
2024-10-09,5792.0400390625,3650340000
2024-10-10,5780.0498046875,3208790000
2024-10-11,5815.02978515625,3208720000
2024-10-14,5859.85009765625,3005250000
2024-10-15,5815.259765625,3882120000
2024-10-16,5842.47021484375,3467230000
2024-10-17,5841.47021484375,3480010000
2024-10-18,5864.669921875,3374490000
2024-10-21,5853.97998046875,3407010000
2024-10-22,5851.2001953125,3342080000
2024-10-23,5797.419921875,3532650000
2024-10-24,5809.85986328125,3543030000
2024-10-25,5808.1201171875,3501280000
2024-10-28,5823.52001953125,3691280000
2024-10-29,5832.919921875,3879100000
2024-10-30,5813.669921875,3851120000
2024-10-31,5705.4501953125,4425660000
2024-11-01,5728.7998046875,3796450000
2024-11-04,5712.68994140625,3602060000
2024-11-05,5782.759765625,3768310000
2024-11-06,5929.0400390625,6329530000
2024-11-07,5973.10009765625,4925740000
2024-11-08,5995.5400390625,4666740000
2024-11-11,6001.35009765625,4333000000
2024-11-12,5983.990234375,4243400000
2024-11-13,5985.3798828125,4220180000
2024-11-14,5949.169921875,4184570000
2024-11-15,5870.6201171875,4590960000
2024-11-18,5893.6201171875,3983860000
2024-11-19,5916.97998046875,4036940000
2024-11-20,5917.10986328125,3772620000
2024-11-21,5948.7099609375,4230120000
2024-11-22,5969.33984375,4141420000
2024-11-25,5987.3701171875,5633150000
2024-11-26,6021.6298828125,3835170000
2024-11-27,5998.740234375,3363340000
2024-11-29,6032.3798828125,2444420000
2024-12-02,6047.14990234375,4412470000
2024-12-03,6049.8798828125,4095000000
2024-12-04,6086.490234375,4003390000
2024-12-05,6075.10986328125,4212020000
2024-12-06,6090.27001953125,3924830000
2024-12-09,6052.85009765625,4556460000
2024-12-10,6034.91015625,4048410000
2024-12-11,6084.18994140625,4269950000
2024-12-12,6051.25,3678010000
2024-12-13,6051.08984375,3584960000
2024-12-16,6074.080078125,4391100000
2024-12-17,6050.60986328125,4544500000
2024-12-18,5872.16015625,5246960000
2024-12-19,5867.080078125,4896880000
2024-12-20,5930.85009765625,8223220000
2024-12-23,5974.06982421875,3593280000
2024-12-24,6040.0400390625,1757720000
2024-12-26,6037.58984375,2904530000
2024-12-27,5970.83984375,3159610000
2024-12-30,5906.93994140625,3433250000
2024-12-31,5881.6298828125,3128350000
